use u189133033_kpd;

CREATE TABLE t_ubigeo (
  ubigeo char(6) NOT NULL,
  dpto varchar(60) DEFAULT NULL,
  prov varchar(100) DEFAULT NULL,
  dist varchar(150) DEFAULT NULL,
  PRIMARY KEY (ubigeo)
);

INSERT INTO t_ubigeo (ubigeo, dpto, prov, dist) VALUES
('010101', 'AMAZONAS', 'CHACHAPOYAS', 'CHACHAPOYAS'),
('010102', 'AMAZONAS', 'CHACHAPOYAS', 'ASUNCION'),
('010103', 'AMAZONAS', 'CHACHAPOYAS', 'BALSAS'),
('010104', 'AMAZONAS', 'CHACHAPOYAS', 'CHETO'),
('010105', 'AMAZONAS', 'CHACHAPOYAS', 'CHILIQUIN'),
('010106', 'AMAZONAS', 'CHACHAPOYAS', 'CHUQUIBAMBA'),
('010107', 'AMAZONAS', 'CHACHAPOYAS', 'GRANADA'),
('010108', 'AMAZONAS', 'CHACHAPOYAS', 'HUANCAS'),
('010109', 'AMAZONAS', 'CHACHAPOYAS', 'LA JALCA'),
('010110', 'AMAZONAS', 'CHACHAPOYAS', 'LEIMEBAMBA'),
('010111', 'AMAZONAS', 'CHACHAPOYAS', 'LEVANTO'),
('010112', 'AMAZONAS', 'CHACHAPOYAS', 'MAGDALENA'),
('010113', 'AMAZONAS', 'CHACHAPOYAS', 'MARISCAL CASTILLA'),
('010114', 'AMAZONAS', 'CHACHAPOYAS', 'MOLINOPAMPA'),
('010115', 'AMAZONAS', 'CHACHAPOYAS', 'MONTEVIDEO'),
('010116', 'AMAZONAS', 'CHACHAPOYAS', 'OLLEROS'),
('010117', 'AMAZONAS', 'CHACHAPOYAS', 'QUINJALCA'),
('010118', 'AMAZONAS', 'CHACHAPOYAS', 'SAN FRANCISCO DE DAGUAS'),
('010119', 'AMAZONAS', 'CHACHAPOYAS', 'SAN ISIDRO DE MAINO'),
('010120', 'AMAZONAS', 'CHACHAPOYAS', 'SOLOCO'),
('010121', 'AMAZONAS', 'CHACHAPOYAS', 'SONCHE'),
('010201', 'AMAZONAS', 'BAGUA', 'BAGUA'),
('010202', 'AMAZONAS', 'BAGUA', 'ARAMANGO'),
('010203', 'AMAZONAS', 'BAGUA', 'COPALLIN'),
('010204', 'AMAZONAS', 'BAGUA', 'EL PARCO'),
('010205', 'AMAZONAS', 'BAGUA', 'IMAZA'),
('010206', 'AMAZONAS', 'BAGUA', 'LA PECA'),
('010301', 'AMAZONAS', 'BONGARA', 'JUMBILLA'),
('010302', 'AMAZONAS', 'BONGARA', 'CHISQUILLA'),
('010303', 'AMAZONAS', 'BONGARA', 'CHURUJA'),
('010304', 'AMAZONAS', 'BONGARA', 'COROSHA'),
('010305', 'AMAZONAS', 'BONGARA', 'CUISPES'),
('010306', 'AMAZONAS', 'BONGARA', 'FLORIDA'),
('010307', 'AMAZONAS', 'BONGARA', 'JAZAN'),
('010308', 'AMAZONAS', 'BONGARA', 'RECTA'),
('010309', 'AMAZONAS', 'BONGARA', 'SAN CARLOS'),
('010310', 'AMAZONAS', 'BONGARA', 'SHIPASBAMBA'),
('010311', 'AMAZONAS', 'BONGARA', 'VALERA'),
('010312', 'AMAZONAS', 'BONGARA', 'YAMBRASBAMBA'),
('010401', 'AMAZONAS', 'CONDORCANQUI', 'NIEVA'),
('010402', 'AMAZONAS', 'CONDORCANQUI', 'EL CENEPA'),
('010403', 'AMAZONAS', 'CONDORCANQUI', 'RIO SANTIAGO'),
('010501', 'AMAZONAS', 'LUYA', 'LAMUD'),
('010502', 'AMAZONAS', 'LUYA', 'CAMPORREDONDO'),
('010503', 'AMAZONAS', 'LUYA', 'COCABAMBA'),
('010504', 'AMAZONAS', 'LUYA', 'COLCAMAR'),
('010505', 'AMAZONAS', 'LUYA', 'CONILA'),
('010506', 'AMAZONAS', 'LUYA', 'INGUILPATA'),
('010507', 'AMAZONAS', 'LUYA', 'LONGUITA'),
('010508', 'AMAZONAS', 'LUYA', 'LONYA CHICO'),
('010509', 'AMAZONAS', 'LUYA', 'LUYA'),
('010510', 'AMAZONAS', 'LUYA', 'LUYA VIEJO'),
('010511', 'AMAZONAS', 'LUYA', 'MARIA'),
('010512', 'AMAZONAS', 'LUYA', 'OCALLI'),
('010513', 'AMAZONAS', 'LUYA', 'OCUMAL'),
('010514', 'AMAZONAS', 'LUYA', 'PISUQUIA'),
('010515', 'AMAZONAS', 'LUYA', 'PROVIDENCIA'),
('010516', 'AMAZONAS', 'LUYA', 'SAN CRISTOBAL'),
('010517', 'AMAZONAS', 'LUYA', 'SAN FRANCISCO DEL YESO'),
('010518', 'AMAZONAS', 'LUYA', 'SAN JERONIMO'),
('010519', 'AMAZONAS', 'LUYA', 'SAN JUAN DE LOPECANCHA'),
('010520', 'AMAZONAS', 'LUYA', 'SANTA CATALINA'),
('010521', 'AMAZONAS', 'LUYA', 'SANTO TOMAS'),
('010522', 'AMAZONAS', 'LUYA', 'TINGO'),
('010523', 'AMAZONAS', 'LUYA', 'TRITA'),
('010601', 'AMAZONAS', 'RODRIGUEZ DE MENDOZA', 'SAN NICOLAS'),
('010602', 'AMAZONAS', 'RODRIGUEZ DE MENDOZA', 'CHIRIMOTO'),
('010603', 'AMAZONAS', 'RODRIGUEZ DE MENDOZA', 'COCHAMAL'),
('010604', 'AMAZONAS', 'RODRIGUEZ DE MENDOZA', 'HUAMBO'),
('010605', 'AMAZONAS', 'RODRIGUEZ DE MENDOZA', 'LIMABAMBA'),
('010606', 'AMAZONAS', 'RODRIGUEZ DE MENDOZA', 'LONGAR'),
('010607', 'AMAZONAS', 'RODRIGUEZ DE MENDOZA', 'MARISCAL BENAVIDES'),
('010608', 'AMAZONAS', 'RODRIGUEZ DE MENDOZA', 'MILPUC'),
('010609', 'AMAZONAS', 'RODRIGUEZ DE MENDOZA', 'OMIA'),
('010610', 'AMAZONAS', 'RODRIGUEZ DE MENDOZA', 'SANTA ROSA'),
('010611', 'AMAZONAS', 'RODRIGUEZ DE MENDOZA', 'TOTORA'),
('010612', 'AMAZONAS', 'RODRIGUEZ DE MENDOZA', 'VISTA ALEGRE'),
('010701', 'AMAZONAS', 'UTCUBAMBA', 'BAGUA GRANDE'),
('010702', 'AMAZONAS', 'UTCUBAMBA', 'CAJARURO'),
('010703', 'AMAZONAS', 'UTCUBAMBA', 'CUMBA'),
('010704', 'AMAZONAS', 'UTCUBAMBA', 'EL MILAGRO'),
('010705', 'AMAZONAS', 'UTCUBAMBA', 'JAMALCA'),
('010706', 'AMAZONAS', 'UTCUBAMBA', 'LONYA GRANDE'),
('010707', 'AMAZONAS', 'UTCUBAMBA', 'YAMON'),
('020101', 'ANCASH', 'HUARAZ', 'HUARAZ'),
('020102', 'ANCASH', 'HUARAZ', 'COCHABAMBA'),
('020103', 'ANCASH', 'HUARAZ', 'COLCABAMBA'),
('020104', 'ANCASH', 'HUARAZ', 'HUANCHAY'),
('020105', 'ANCASH', 'HUARAZ', 'INDEPENDENCIA'),
('020106', 'ANCASH', 'HUARAZ', 'JANGAS'),
('020107', 'ANCASH', 'HUARAZ', 'LA LIBERTAD'),
('020108', 'ANCASH', 'HUARAZ', 'OLLEROS'),
('020109', 'ANCASH', 'HUARAZ', 'PAMPAS'),
('020110', 'ANCASH', 'HUARAZ', 'PARIACOTO'),
('020111', 'ANCASH', 'HUARAZ', 'PIRA'),
('020112', 'ANCASH', 'HUARAZ', 'TARICA'),
('020201', 'ANCASH', 'AIJA', 'AIJA'),
('020202', 'ANCASH', 'AIJA', 'CORIS'),
('020203', 'ANCASH', 'AIJA', 'HUACLLAN'),
('020204', 'ANCASH', 'AIJA', 'LA MERCED'),
('020205', 'ANCASH', 'AIJA', 'SUCCHA'),
('020301', 'ANCASH', 'ANTONIO RAYMONDI', 'LLAMELLIN'),
('020302', 'ANCASH', 'ANTONIO RAYMONDI', 'ACZO'),
('020303', 'ANCASH', 'ANTONIO RAYMONDI', 'CHACCHO'),
('020304', 'ANCASH', 'ANTONIO RAYMONDI', 'CHINGAS'),
('020305', 'ANCASH', 'ANTONIO RAYMONDI', 'MIRGAS'),
('020306', 'ANCASH', 'ANTONIO RAYMONDI', 'SAN JUAN DE RONTOY'),
('020401', 'ANCASH', 'ASUNCION', 'CHACAS'),
('020402', 'ANCASH', 'ASUNCION', 'ACOCHACA'),
('020501', 'ANCASH', 'BOLOGNESI', 'CHIQUIAN'),
('020502', 'ANCASH', 'BOLOGNESI', 'ABELARDO PARDO LEZAMETA'),
('020503', 'ANCASH', 'BOLOGNESI', 'ANTONIO RAYMONDI'),
('020504', 'ANCASH', 'BOLOGNESI', 'AQUIA'),
('020505', 'ANCASH', 'BOLOGNESI', 'CAJACAY'),
('020506', 'ANCASH', 'BOLOGNESI', 'CANIS'),
('020507', 'ANCASH', 'BOLOGNESI', 'COLQUIOC'),
('020508', 'ANCASH', 'BOLOGNESI', 'HUALLANCA'),
('020509', 'ANCASH', 'BOLOGNESI', 'HUASTA'),
('020510', 'ANCASH', 'BOLOGNESI', 'HUAYLLACAYAN'),
('020511', 'ANCASH', 'BOLOGNESI', 'LA PRIMAVERA'),
('020512', 'ANCASH', 'BOLOGNESI', 'MANGAS'),
('020513', 'ANCASH', 'BOLOGNESI', 'PACLLON'),
('020514', 'ANCASH', 'BOLOGNESI', 'SAN MIGUEL DE CORPANQUI'),
('020515', 'ANCASH', 'BOLOGNESI', 'TICLLOS'),
('020601', 'ANCASH', 'CARHUAZ', 'CARHUAZ'),
('020602', 'ANCASH', 'CARHUAZ', 'ACOPAMPA'),
('020603', 'ANCASH', 'CARHUAZ', 'AMASHCA'),
('020604', 'ANCASH', 'CARHUAZ', 'ANTA'),
('020605', 'ANCASH', 'CARHUAZ', 'ATAQUERO'),
('020606', 'ANCASH', 'CARHUAZ', 'MARCARA'),
('020607', 'ANCASH', 'CARHUAZ', 'PARIAHUANCA'),
('020608', 'ANCASH', 'CARHUAZ', 'SAN MIGUEL DE ACO'),
('020609', 'ANCASH', 'CARHUAZ', 'SHILLA'),
('020610', 'ANCASH', 'CARHUAZ', 'TINCO'),
('020611', 'ANCASH', 'CARHUAZ', 'YUNGAR'),
('020701', 'ANCASH', 'CARLOS FERMIN FITZCARRALD', 'SAN LUIS'),
('020702', 'ANCASH', 'CARLOS FERMIN FITZCARRALD', 'SAN NICOLAS'),
('020703', 'ANCASH', 'CARLOS FERMIN FITZCARRALD', 'YAUYA'),
('020801', 'ANCASH', 'CASMA', 'CASMA'),
('020802', 'ANCASH', 'CASMA', 'BUENA VISTA ALTA'),
('020803', 'ANCASH', 'CASMA', 'COMANDANTE NOEL'),
('020804', 'ANCASH', 'CASMA', 'YAUTAN'),
('020901', 'ANCASH', 'CORONGO', 'CORONGO'),
('020902', 'ANCASH', 'CORONGO', 'ACO'),
('020903', 'ANCASH', 'CORONGO', 'BAMBAS'),
('020904', 'ANCASH', 'CORONGO', 'CUSCA'),
('020905', 'ANCASH', 'CORONGO', 'LA PAMPA'),
('020906', 'ANCASH', 'CORONGO', 'YANAC'),
('020907', 'ANCASH', 'CORONGO', 'YUPAN'),
('021001', 'ANCASH', 'HUARI', 'HUARI'),
('021002', 'ANCASH', 'HUARI', 'ANRA'),
('021003', 'ANCASH', 'HUARI', 'CAJAY'),
('021004', 'ANCASH', 'HUARI', 'CHAVIN DE HUANTAR'),
('021005', 'ANCASH', 'HUARI', 'HUACACHI'),
('021006', 'ANCASH', 'HUARI', 'HUACCHIS'),
('021007', 'ANCASH', 'HUARI', 'HUACHIS'),
('021008', 'ANCASH', 'HUARI', 'HUANTAR'),
('021009', 'ANCASH', 'HUARI', 'MASIN'),
('021010', 'ANCASH', 'HUARI', 'PAUCAS'),
('021011', 'ANCASH', 'HUARI', 'PONTO'),
('021012', 'ANCASH', 'HUARI', 'RAHUAPAMPA'),
('021013', 'ANCASH', 'HUARI', 'RAPAYAN'),
('021014', 'ANCASH', 'HUARI', 'SAN MARCOS'),
('021015', 'ANCASH', 'HUARI', 'SAN PEDRO DE CHANA'),
('021016', 'ANCASH', 'HUARI', 'UCO'),
('021101', 'ANCASH', 'HUARMEY', 'HUARMEY'),
('021102', 'ANCASH', 'HUARMEY', 'COCHAPETI'),
('021103', 'ANCASH', 'HUARMEY', 'CULEBRAS'),
('021104', 'ANCASH', 'HUARMEY', 'HUAYAN'),
('021105', 'ANCASH', 'HUARMEY', 'MALVAS'),
('021201', 'ANCASH', 'HUAYLAS', 'CARAZ'),
('021202', 'ANCASH', 'HUAYLAS', 'HUALLANCA'),
('021203', 'ANCASH', 'HUAYLAS', 'HUATA'),
('021204', 'ANCASH', 'HUAYLAS', 'HUAYLAS'),
('021205', 'ANCASH', 'HUAYLAS', 'MATO'),
('021206', 'ANCASH', 'HUAYLAS', 'PAMPAROMAS'),
('021207', 'ANCASH', 'HUAYLAS', 'PUEBLO LIBRE'),
('021208', 'ANCASH', 'HUAYLAS', 'SANTA CRUZ'),
('021209', 'ANCASH', 'HUAYLAS', 'SANTO TORIBIO'),
('021210', 'ANCASH', 'HUAYLAS', 'YURACMARCA'),
('021301', 'ANCASH', 'MARISCAL LUZURIAGA', 'PISCOBAMBA'),
('021302', 'ANCASH', 'MARISCAL LUZURIAGA', 'CASCA'),
('021303', 'ANCASH', 'MARISCAL LUZURIAGA', 'ELEAZAR GUZMAN BARRON'),
('021304', 'ANCASH', 'MARISCAL LUZURIAGA', 'FIDEL OLIVAS ESCUDERO'),
('021305', 'ANCASH', 'MARISCAL LUZURIAGA', 'LLAMA'),
('021306', 'ANCASH', 'MARISCAL LUZURIAGA', 'LLUMPA'),
('021307', 'ANCASH', 'MARISCAL LUZURIAGA', 'LUCMA'),
('021308', 'ANCASH', 'MARISCAL LUZURIAGA', 'MUSGA'),
('021401', 'ANCASH', 'OCROS', 'OCROS'),
('021402', 'ANCASH', 'OCROS', 'ACAS'),
('021403', 'ANCASH', 'OCROS', 'CAJAMARQUILLA'),
('021404', 'ANCASH', 'OCROS', 'CARHUAPAMPA'),
('021405', 'ANCASH', 'OCROS', 'COCHAS'),
('021406', 'ANCASH', 'OCROS', 'CONGAS'),
('021407', 'ANCASH', 'OCROS', 'LLIPA'),
('021408', 'ANCASH', 'OCROS', 'SAN CRISTOBAL DE RAJAN'),
('021409', 'ANCASH', 'OCROS', 'SAN PEDRO'),
('021410', 'ANCASH', 'OCROS', 'SANTIAGO DE CHILCAS'),
('021501', 'ANCASH', 'PALLASCA', 'CABANA'),
('021502', 'ANCASH', 'PALLASCA', 'BOLOGNESI'),
('021503', 'ANCASH', 'PALLASCA', 'CONCHUCOS'),
('021504', 'ANCASH', 'PALLASCA', 'HUACASCHUQUE'),
('021505', 'ANCASH', 'PALLASCA', 'HUANDOVAL'),
('021506', 'ANCASH', 'PALLASCA', 'LACABAMBA'),
('021507', 'ANCASH', 'PALLASCA', 'LLAPO'),
('021508', 'ANCASH', 'PALLASCA', 'PALLASCA'),
('021509', 'ANCASH', 'PALLASCA', 'PAMPAS'),
('021510', 'ANCASH', 'PALLASCA', 'SANTA ROSA'),
('021511', 'ANCASH', 'PALLASCA', 'TAUCA'),
('021601', 'ANCASH', 'POMABAMBA', 'POMABAMBA'),
('021602', 'ANCASH', 'POMABAMBA', 'HUAYLLAN'),
('021603', 'ANCASH', 'POMABAMBA', 'PAROBAMBA'),
('021604', 'ANCASH', 'POMABAMBA', 'QUINUABAMBA'),
('021701', 'ANCASH', 'RECUAY', 'RECUAY'),
('021702', 'ANCASH', 'RECUAY', 'CATAC'),
('021703', 'ANCASH', 'RECUAY', 'COTAPARACO'),
('021704', 'ANCASH', 'RECUAY', 'HUAYLLAPAMPA'),
('021705', 'ANCASH', 'RECUAY', 'LLACLLIN'),
('021706', 'ANCASH', 'RECUAY', 'MARCA'),
('021707', 'ANCASH', 'RECUAY', 'PAMPAS CHICO'),
('021708', 'ANCASH', 'RECUAY', 'PARARIN'),
('021709', 'ANCASH', 'RECUAY', 'TAPACOCHA'),
('021710', 'ANCASH', 'RECUAY', 'TICAPAMPA'),
('021801', 'ANCASH', 'SANTA', 'CHIMBOTE'),
('021802', 'ANCASH', 'SANTA', 'CACERES DEL PERU'),
('021803', 'ANCASH', 'SANTA', 'COISHCO'),
('021804', 'ANCASH', 'SANTA', 'MACATE'),
('021805', 'ANCASH', 'SANTA', 'MORO'),
('021806', 'ANCASH', 'SANTA', 'NEPEÑA'),
('021807', 'ANCASH', 'SANTA', 'SAMANCO'),
('021808', 'ANCASH', 'SANTA', 'SANTA'),
('021809', 'ANCASH', 'SANTA', 'NUEVO CHIMBOTE'),
('021901', 'ANCASH', 'SIHUAS', 'SIHUAS'),
('021902', 'ANCASH', 'SIHUAS', 'ACOBAMBA'),
('021903', 'ANCASH', 'SIHUAS', 'ALFONSO UGARTE'),
('021904', 'ANCASH', 'SIHUAS', 'CASHAPAMPA'),
('021905', 'ANCASH', 'SIHUAS', 'CHINGALPO'),
('021906', 'ANCASH', 'SIHUAS', 'HUAYLLABAMBA'),
('021907', 'ANCASH', 'SIHUAS', 'QUICHES'),
('021908', 'ANCASH', 'SIHUAS', 'RAGASH'),
('021909', 'ANCASH', 'SIHUAS', 'SAN JUAN'),
('021910', 'ANCASH', 'SIHUAS', 'SICSIBAMBA'),
('022001', 'ANCASH', 'YUNGAY', 'YUNGAY'),
('022002', 'ANCASH', 'YUNGAY', 'CASCAPARA'),
('022003', 'ANCASH', 'YUNGAY', 'MANCOS'),
('022004', 'ANCASH', 'YUNGAY', 'MATACOTO'),
('022005', 'ANCASH', 'YUNGAY', 'QUILLO'),
('022006', 'ANCASH', 'YUNGAY', 'RANRAHIRCA'),
('022007', 'ANCASH', 'YUNGAY', 'SHUPLUY'),
('022008', 'ANCASH', 'YUNGAY', 'YANAMA'),
('030101', 'APURIMAC', 'ABANCAY', 'ABANCAY'),
('030102', 'APURIMAC', 'ABANCAY', 'CHACOCHE'),
('030103', 'APURIMAC', 'ABANCAY', 'CIRCA'),
('030104', 'APURIMAC', 'ABANCAY', 'CURAHUASI'),
('030105', 'APURIMAC', 'ABANCAY', 'HUANIPACA'),
('030106', 'APURIMAC', 'ABANCAY', 'LAMBRAMA'),
('030107', 'APURIMAC', 'ABANCAY', 'PICHIRHUA'),
('030108', 'APURIMAC', 'ABANCAY', 'SAN PEDRO DE CACHORA'),
('030109', 'APURIMAC', 'ABANCAY', 'TAMBURCO'),
('030201', 'APURIMAC', 'ANDAHUAYLAS', 'ANDAHUAYLAS'),
('030202', 'APURIMAC', 'ANDAHUAYLAS', 'ANDARAPA'),
('030203', 'APURIMAC', 'ANDAHUAYLAS', 'CHIARA'),
('030204', 'APURIMAC', 'ANDAHUAYLAS', 'HUANCARAMA'),
('030205', 'APURIMAC', 'ANDAHUAYLAS', 'HUANCARAY'),
('030206', 'APURIMAC', 'ANDAHUAYLAS', 'HUAYANA'),
('030207', 'APURIMAC', 'ANDAHUAYLAS', 'KISHUARA'),
('030208', 'APURIMAC', 'ANDAHUAYLAS', 'PACOBAMBA'),
('030209', 'APURIMAC', 'ANDAHUAYLAS', 'PACUCHA'),
('030210', 'APURIMAC', 'ANDAHUAYLAS', 'PAMPACHIRI'),
('030211', 'APURIMAC', 'ANDAHUAYLAS', 'POMACOCHA'),
('030212', 'APURIMAC', 'ANDAHUAYLAS', 'SAN ANTONIO DE CACHI'),
('030213', 'APURIMAC', 'ANDAHUAYLAS', 'SAN JERONIMO'),
('030214', 'APURIMAC', 'ANDAHUAYLAS', 'SAN MIGUEL DE CHACCRAMPA'),
('030215', 'APURIMAC', 'ANDAHUAYLAS', 'SANTA MARIA DE CHICMO'),
('030216', 'APURIMAC', 'ANDAHUAYLAS', 'TALAVERA'),
('030217', 'APURIMAC', 'ANDAHUAYLAS', 'TUMAY HUARACA'),
('030218', 'APURIMAC', 'ANDAHUAYLAS', 'TURPO'),
('030219', 'APURIMAC', 'ANDAHUAYLAS', 'KAQUIABAMBA'),
('030301', 'APURIMAC', 'ANTABAMBA', 'ANTABAMBA'),
('030302', 'APURIMAC', 'ANTABAMBA', 'EL ORO'),
('030303', 'APURIMAC', 'ANTABAMBA', 'HUAQUIRCA'),
('030304', 'APURIMAC', 'ANTABAMBA', 'JUAN ESPINOZA MEDRANO'),
('030305', 'APURIMAC', 'ANTABAMBA', 'OROPESA'),
('030306', 'APURIMAC', 'ANTABAMBA', 'PACHACONAS'),
('030307', 'APURIMAC', 'ANTABAMBA', 'SABAINO'),
('030401', 'APURIMAC', 'AYMARAES', 'CHALHUANCA'),
('030402', 'APURIMAC', 'AYMARAES', 'CAPAYA'),
('030403', 'APURIMAC', 'AYMARAES', 'CARAYBAMBA'),
('030404', 'APURIMAC', 'AYMARAES', 'CHAPIMARCA'),
('030405', 'APURIMAC', 'AYMARAES', 'COLCABAMBA'),
('030406', 'APURIMAC', 'AYMARAES', 'COTARUSE'),
('030407', 'APURIMAC', 'AYMARAES', 'HUAYLLO'),
('030408', 'APURIMAC', 'AYMARAES', 'JUSTO APU SAHUARAURA'),
('030409', 'APURIMAC', 'AYMARAES', 'LUCRE'),
('030410', 'APURIMAC', 'AYMARAES', 'POCOHUANCA'),
('030411', 'APURIMAC', 'AYMARAES', 'SAN JUAN DE CHACÑA'),
('030412', 'APURIMAC', 'AYMARAES', 'SAÑAYCA'),
('030413', 'APURIMAC', 'AYMARAES', 'SORAYA'),
('030414', 'APURIMAC', 'AYMARAES', 'TAPAIRIHUA'),
('030415', 'APURIMAC', 'AYMARAES', 'TINTAY'),
('030416', 'APURIMAC', 'AYMARAES', 'TORAYA'),
('030417', 'APURIMAC', 'AYMARAES', 'YANACA'),
('030501', 'APURIMAC', 'COTABAMBAS', 'TAMBOBAMBA'),
('030502', 'APURIMAC', 'COTABAMBAS', 'COTABAMBAS'),
('030503', 'APURIMAC', 'COTABAMBAS', 'COYLLURQUI'),
('030504', 'APURIMAC', 'COTABAMBAS', 'HAQUIRA'),
('030505', 'APURIMAC', 'COTABAMBAS', 'MARA'),
('030506', 'APURIMAC', 'COTABAMBAS', 'CHALLHUAHUACHO'),
('030601', 'APURIMAC', 'CHINCHEROS', 'CHINCHEROS'),
('030602', 'APURIMAC', 'CHINCHEROS', 'ANCO_HUALLO'),
('030603', 'APURIMAC', 'CHINCHEROS', 'COCHARCAS'),
('030604', 'APURIMAC', 'CHINCHEROS', 'HUACCANA'),
('030605', 'APURIMAC', 'CHINCHEROS', 'OCOBAMBA'),
('030606', 'APURIMAC', 'CHINCHEROS', 'ONGOY'),
('030607', 'APURIMAC', 'CHINCHEROS', 'URANMARCA'),
('030608', 'APURIMAC', 'CHINCHEROS', 'RANRACANCHA'),
('030701', 'APURIMAC', 'GRAU', 'CHUQUIBAMBILLA'),
('030702', 'APURIMAC', 'GRAU', 'CURPAHUASI'),
('030703', 'APURIMAC', 'GRAU', 'GAMARRA'),
('030704', 'APURIMAC', 'GRAU', 'HUAYLLATI'),
('030705', 'APURIMAC', 'GRAU', 'MAMARA'),
('030706', 'APURIMAC', 'GRAU', 'MICAELA BASTIDAS'),
('030707', 'APURIMAC', 'GRAU', 'PATAYPAMPA'),
('030708', 'APURIMAC', 'GRAU', 'PROGRESO'),
('030709', 'APURIMAC', 'GRAU', 'SAN ANTONIO'),
('030710', 'APURIMAC', 'GRAU', 'SANTA ROSA'),
('030711', 'APURIMAC', 'GRAU', 'TURPAY'),
('030712', 'APURIMAC', 'GRAU', 'VILCABAMBA'),
('030713', 'APURIMAC', 'GRAU', 'VIRUNDO'),
('030714', 'APURIMAC', 'GRAU', 'CURASCO'),
('040101', 'AREQUIPA', 'AREQUIPA', 'AREQUIPA'),
('040102', 'AREQUIPA', 'AREQUIPA', 'ALTO SELVA ALEGRE'),
('040103', 'AREQUIPA', 'AREQUIPA', 'CAYMA'),
('040104', 'AREQUIPA', 'AREQUIPA', 'CERRO COLORADO'),
('040105', 'AREQUIPA', 'AREQUIPA', 'CHARACATO'),
('040106', 'AREQUIPA', 'AREQUIPA', 'CHIGUATA'),
('040107', 'AREQUIPA', 'AREQUIPA', 'JACOBO HUNTER'),
('040108', 'AREQUIPA', 'AREQUIPA', 'LA JOYA'),
('040109', 'AREQUIPA', 'AREQUIPA', 'MARIANO MELGAR'),
('040110', 'AREQUIPA', 'AREQUIPA', 'MIRAFLORES'),
('040111', 'AREQUIPA', 'AREQUIPA', 'MOLLEBAYA'),
('040112', 'AREQUIPA', 'AREQUIPA', 'PAUCARPATA'),
('040113', 'AREQUIPA', 'AREQUIPA', 'POCSI'),
('040114', 'AREQUIPA', 'AREQUIPA', 'POLOBAYA'),
('040115', 'AREQUIPA', 'AREQUIPA', 'QUEQUEÑA'),
('040116', 'AREQUIPA', 'AREQUIPA', 'SABANDIA'),
('040117', 'AREQUIPA', 'AREQUIPA', 'SACHACA'),
('040118', 'AREQUIPA', 'AREQUIPA', 'SAN JUAN DE SIGUAS'),
('040119', 'AREQUIPA', 'AREQUIPA', 'SAN JUAN DE TARUCANI'),
('040120', 'AREQUIPA', 'AREQUIPA', 'SANTA ISABEL DE SIGUAS'),
('040121', 'AREQUIPA', 'AREQUIPA', 'SANTA RITA DE SIGUAS'),
('040122', 'AREQUIPA', 'AREQUIPA', 'SOCABAYA'),
('040123', 'AREQUIPA', 'AREQUIPA', 'TIABAYA'),
('040124', 'AREQUIPA', 'AREQUIPA', 'UCHUMAYO'),
('040125', 'AREQUIPA', 'AREQUIPA', 'VITOR'),
('040126', 'AREQUIPA', 'AREQUIPA', 'YANAHUARA'),
('040127', 'AREQUIPA', 'AREQUIPA', 'YARABAMBA'),
('040128', 'AREQUIPA', 'AREQUIPA', 'YURA'),
('040129', 'AREQUIPA', 'AREQUIPA', 'JOSE LUIS BUSTAMANTE Y RIVERO'),
('040201', 'AREQUIPA', 'CAMANA', 'CAMANA'),
('040202', 'AREQUIPA', 'CAMANA', 'JOSE MARIA QUIMPER'),
('040203', 'AREQUIPA', 'CAMANA', 'MARIANO NICOLAS VALCARCEL'),
('040204', 'AREQUIPA', 'CAMANA', 'MARISCAL CACERES'),
('040205', 'AREQUIPA', 'CAMANA', 'NICOLAS DE PIEROLA'),
('040206', 'AREQUIPA', 'CAMANA', 'OCOÑA'),
('040207', 'AREQUIPA', 'CAMANA', 'QUILCA'),
('040208', 'AREQUIPA', 'CAMANA', 'SAMUEL PASTOR'),
('040301', 'AREQUIPA', 'CARAVELI', 'CARAVELI'),
('040302', 'AREQUIPA', 'CARAVELI', 'ACARI'),
('040303', 'AREQUIPA', 'CARAVELI', 'ATICO'),
('040304', 'AREQUIPA', 'CARAVELI', 'ATIQUIPA'),
('040305', 'AREQUIPA', 'CARAVELI', 'BELLA UNION'),
('040306', 'AREQUIPA', 'CARAVELI', 'CAHUACHO'),
('040307', 'AREQUIPA', 'CARAVELI', 'CHALA'),
('040308', 'AREQUIPA', 'CARAVELI', 'CHAPARRA'),
('040309', 'AREQUIPA', 'CARAVELI', 'HUANUHUANU'),
('040310', 'AREQUIPA', 'CARAVELI', 'JAQUI'),
('040311', 'AREQUIPA', 'CARAVELI', 'LOMAS'),
('040312', 'AREQUIPA', 'CARAVELI', 'QUICACHA'),
('040313', 'AREQUIPA', 'CARAVELI', 'YAUCA'),
('040401', 'AREQUIPA', 'CASTILLA', 'APLAO'),
('040402', 'AREQUIPA', 'CASTILLA', 'ANDAGUA'),
('040403', 'AREQUIPA', 'CASTILLA', 'AYO'),
('040404', 'AREQUIPA', 'CASTILLA', 'CHACHAS'),
('040405', 'AREQUIPA', 'CASTILLA', 'CHILCAYMARCA'),
('040406', 'AREQUIPA', 'CASTILLA', 'CHOCO'),
('040407', 'AREQUIPA', 'CASTILLA', 'HUANCARQUI'),
('040408', 'AREQUIPA', 'CASTILLA', 'MACHAGUAY'),
('040409', 'AREQUIPA', 'CASTILLA', 'ORCOPAMPA'),
('040410', 'AREQUIPA', 'CASTILLA', 'PAMPACOLCA'),
('040411', 'AREQUIPA', 'CASTILLA', 'TIPAN'),
('040412', 'AREQUIPA', 'CASTILLA', 'UÑON'),
('040413', 'AREQUIPA', 'CASTILLA', 'URACA'),
('040414', 'AREQUIPA', 'CASTILLA', 'VIRACO'),
('040501', 'AREQUIPA', 'CAYLLOMA', 'CHIVAY'),
('040502', 'AREQUIPA', 'CAYLLOMA', 'ACHOMA'),
('040503', 'AREQUIPA', 'CAYLLOMA', 'CABANACONDE'),
('040504', 'AREQUIPA', 'CAYLLOMA', 'CALLALLI'),
('040505', 'AREQUIPA', 'CAYLLOMA', 'CAYLLOMA'),
('040506', 'AREQUIPA', 'CAYLLOMA', 'COPORAQUE'),
('040507', 'AREQUIPA', 'CAYLLOMA', 'HUAMBO'),
('040508', 'AREQUIPA', 'CAYLLOMA', 'HUANCA'),
('040509', 'AREQUIPA', 'CAYLLOMA', 'ICHUPAMPA'),
('040510', 'AREQUIPA', 'CAYLLOMA', 'LARI'),
('040511', 'AREQUIPA', 'CAYLLOMA', 'LLUTA'),
('040512', 'AREQUIPA', 'CAYLLOMA', 'MACA'),
('040513', 'AREQUIPA', 'CAYLLOMA', 'MADRIGAL'),
('040514', 'AREQUIPA', 'CAYLLOMA', 'SAN ANTONIO DE CHUCA'),
('040515', 'AREQUIPA', 'CAYLLOMA', 'SIBAYO'),
('040516', 'AREQUIPA', 'CAYLLOMA', 'TAPAY'),
('040517', 'AREQUIPA', 'CAYLLOMA', 'TISCO'),
('040518', 'AREQUIPA', 'CAYLLOMA', 'TUTI'),
('040519', 'AREQUIPA', 'CAYLLOMA', 'YANQUE'),
('040520', 'AREQUIPA', 'CAYLLOMA', 'MAJES'),
('040601', 'AREQUIPA', 'CONDESUYOS', 'CHUQUIBAMBA'),
('040602', 'AREQUIPA', 'CONDESUYOS', 'ANDARAY'),
('040603', 'AREQUIPA', 'CONDESUYOS', 'CAYARANI'),
('040604', 'AREQUIPA', 'CONDESUYOS', 'CHICHAS'),
('040605', 'AREQUIPA', 'CONDESUYOS', 'IRAY'),
('040606', 'AREQUIPA', 'CONDESUYOS', 'RIO GRANDE'),
('040607', 'AREQUIPA', 'CONDESUYOS', 'SALAMANCA'),
('040608', 'AREQUIPA', 'CONDESUYOS', 'YANAQUIHUA'),
('040701', 'AREQUIPA', 'ISLAY', 'MOLLENDO'),
('040702', 'AREQUIPA', 'ISLAY', 'COCACHACRA'),
('040703', 'AREQUIPA', 'ISLAY', 'DEAN VALDIVIA'),
('040704', 'AREQUIPA', 'ISLAY', 'ISLAY'),
('040705', 'AREQUIPA', 'ISLAY', 'MEJIA'),
('040706', 'AREQUIPA', 'ISLAY', 'PUNTA DE BOMBON'),
('040801', 'AREQUIPA', 'LA UNION', 'COTAHUASI'),
('040802', 'AREQUIPA', 'LA UNION', 'ALCA'),
('040803', 'AREQUIPA', 'LA UNION', 'CHARCANA'),
('040804', 'AREQUIPA', 'LA UNION', 'HUAYNACOTAS'),
('040805', 'AREQUIPA', 'LA UNION', 'PAMPAMARCA'),
('040806', 'AREQUIPA', 'LA UNION', 'PUYCA'),
('040807', 'AREQUIPA', 'LA UNION', 'QUECHUALLA'),
('040808', 'AREQUIPA', 'LA UNION', 'SAYLA'),
('040809', 'AREQUIPA', 'LA UNION', 'TAURIA'),
('040810', 'AREQUIPA', 'LA UNION', 'TOMEPAMPA'),
('040811', 'AREQUIPA', 'LA UNION', 'TORO'),
('050101', 'AYACUCHO', 'HUAMANGA', 'AYACUCHO'),
('050102', 'AYACUCHO', 'HUAMANGA', 'ACOCRO'),
('050103', 'AYACUCHO', 'HUAMANGA', 'ACOS VINCHOS'),
('050104', 'AYACUCHO', 'HUAMANGA', 'CARMEN ALTO'),
('050105', 'AYACUCHO', 'HUAMANGA', 'CHIARA'),
('050106', 'AYACUCHO', 'HUAMANGA', 'OCROS'),
('050107', 'AYACUCHO', 'HUAMANGA', 'PACAYCASA'),
('050108', 'AYACUCHO', 'HUAMANGA', 'QUINUA'),
('050109', 'AYACUCHO', 'HUAMANGA', 'SAN JOSE DE TICLLAS'),
('050110', 'AYACUCHO', 'HUAMANGA', 'SAN JUAN BAUTISTA'),
('050111', 'AYACUCHO', 'HUAMANGA', 'SANTIAGO DE PISCHA'),
('050112', 'AYACUCHO', 'HUAMANGA', 'SOCOS'),
('050113', 'AYACUCHO', 'HUAMANGA', 'TAMBILLO'),
('050114', 'AYACUCHO', 'HUAMANGA', 'VINCHOS'),
('050115', 'AYACUCHO', 'HUAMANGA', 'JESUS NAZARENO'),
('050201', 'AYACUCHO', 'CANGALLO', 'CANGALLO'),
('050202', 'AYACUCHO', 'CANGALLO', 'CHUSCHI'),
('050203', 'AYACUCHO', 'CANGALLO', 'LOS MOROCHUCOS'),
('050204', 'AYACUCHO', 'CANGALLO', 'MARIA PARADO DE BELLIDO'),
('050205', 'AYACUCHO', 'CANGALLO', 'PARAS'),
('050206', 'AYACUCHO', 'CANGALLO', 'TOTOS'),
('050301', 'AYACUCHO', 'HUANCA SANCOS', 'SANCOS'),
('050302', 'AYACUCHO', 'HUANCA SANCOS', 'CARAPO'),
('050303', 'AYACUCHO', 'HUANCA SANCOS', 'SACSAMARCA'),
('050304', 'AYACUCHO', 'HUANCA SANCOS', 'SANTIAGO DE LUCANAMARCA'),
('050401', 'AYACUCHO', 'HUANTA', 'HUANTA'),
('050402', 'AYACUCHO', 'HUANTA', 'AYAHUANCO'),
('050403', 'AYACUCHO', 'HUANTA', 'HUAMANGUILLA'),
('050404', 'AYACUCHO', 'HUANTA', 'IGUAIN'),
('050405', 'AYACUCHO', 'HUANTA', 'LURICOCHA'),
('050406', 'AYACUCHO', 'HUANTA', 'SANTILLANA'),
('050407', 'AYACUCHO', 'HUANTA', 'SIVIA'),
('050408', 'AYACUCHO', 'HUANTA', 'LLOCHEGUA'),
('050501', 'AYACUCHO', 'LA MAR', 'SAN MIGUEL'),
('050502', 'AYACUCHO', 'LA MAR', 'ANCO'),
('050503', 'AYACUCHO', 'LA MAR', 'AYNA'),
('050504', 'AYACUCHO', 'LA MAR', 'CHILCAS'),
('050505', 'AYACUCHO', 'LA MAR', 'CHUNGUI'),
('050506', 'AYACUCHO', 'LA MAR', 'LUIS CARRANZA'),
('050507', 'AYACUCHO', 'LA MAR', 'SANTA ROSA'),
('050508', 'AYACUCHO', 'LA MAR', 'TAMBO'),
('050509', 'AYACUCHO', 'LA MAR', 'SAMUGARI'),
('050601', 'AYACUCHO', 'LUCANAS', 'PUQUIO'),
('050602', 'AYACUCHO', 'LUCANAS', 'AUCARA'),
('050603', 'AYACUCHO', 'LUCANAS', 'CABANA'),
('050604', 'AYACUCHO', 'LUCANAS', 'CARMEN SALCEDO'),
('050605', 'AYACUCHO', 'LUCANAS', 'CHAVIÑA'),
('050606', 'AYACUCHO', 'LUCANAS', 'CHIPAO'),
('050607', 'AYACUCHO', 'LUCANAS', 'HUAC-HUAS'),
('050608', 'AYACUCHO', 'LUCANAS', 'LARAMATE'),
('050609', 'AYACUCHO', 'LUCANAS', 'LEONCIO PRADO'),
('050610', 'AYACUCHO', 'LUCANAS', 'LLAUTA'),
('050611', 'AYACUCHO', 'LUCANAS', 'LUCANAS'),
('050612', 'AYACUCHO', 'LUCANAS', 'OCAÑA'),
('050613', 'AYACUCHO', 'LUCANAS', 'OTOCA'),
('050614', 'AYACUCHO', 'LUCANAS', 'SAISA'),
('050615', 'AYACUCHO', 'LUCANAS', 'SAN CRISTOBAL'),
('050616', 'AYACUCHO', 'LUCANAS', 'SAN JUAN'),
('050617', 'AYACUCHO', 'LUCANAS', 'SAN PEDRO'),
('050618', 'AYACUCHO', 'LUCANAS', 'SAN PEDRO DE PALCO'),
('050619', 'AYACUCHO', 'LUCANAS', 'SANCOS'),
('050620', 'AYACUCHO', 'LUCANAS', 'SANTA ANA DE HUAYCAHUACHO'),
('050621', 'AYACUCHO', 'LUCANAS', 'SANTA LUCIA'),
('050701', 'AYACUCHO', 'PARINACOCHAS', 'CORACORA'),
('050702', 'AYACUCHO', 'PARINACOCHAS', 'CHUMPI'),
('050703', 'AYACUCHO', 'PARINACOCHAS', 'CORONEL CASTAÑEDA'),
('050704', 'AYACUCHO', 'PARINACOCHAS', 'PACAPAUSA'),
('050705', 'AYACUCHO', 'PARINACOCHAS', 'PULLO'),
('050706', 'AYACUCHO', 'PARINACOCHAS', 'PUYUSCA'),
('050707', 'AYACUCHO', 'PARINACOCHAS', 'SAN FRANCISCO DE RAVACAYCO'),
('050708', 'AYACUCHO', 'PARINACOCHAS', 'UPAHUACHO'),
('050801', 'AYACUCHO', 'PAUCAR DEL SARA SARA', 'PAUSA'),
('050802', 'AYACUCHO', 'PAUCAR DEL SARA SARA', 'COLTA'),
('050803', 'AYACUCHO', 'PAUCAR DEL SARA SARA', 'CORCULLA'),
('050804', 'AYACUCHO', 'PAUCAR DEL SARA SARA', 'LAMPA'),
('050805', 'AYACUCHO', 'PAUCAR DEL SARA SARA', 'MARCABAMBA'),
('050806', 'AYACUCHO', 'PAUCAR DEL SARA SARA', 'OYOLO'),
('050807', 'AYACUCHO', 'PAUCAR DEL SARA SARA', 'PARARCA'),
('050808', 'AYACUCHO', 'PAUCAR DEL SARA SARA', 'SAN JAVIER DE ALPABAMBA'),
('050809', 'AYACUCHO', 'PAUCAR DEL SARA SARA', 'SAN JOSE DE USHUA'),
('050810', 'AYACUCHO', 'PAUCAR DEL SARA SARA', 'SARA SARA'),
('050901', 'AYACUCHO', 'SUCRE', 'QUEROBAMBA'),
('050902', 'AYACUCHO', 'SUCRE', 'BELEN'),
('050903', 'AYACUCHO', 'SUCRE', 'CHALCOS'),
('050904', 'AYACUCHO', 'SUCRE', 'CHILCAYOC'),
('050905', 'AYACUCHO', 'SUCRE', 'HUACAÑA'),
('050906', 'AYACUCHO', 'SUCRE', 'MORCOLLA'),
('050907', 'AYACUCHO', 'SUCRE', 'PAICO'),
('050908', 'AYACUCHO', 'SUCRE', 'SAN PEDRO DE LARCAY'),
('050909', 'AYACUCHO', 'SUCRE', 'SAN SALVADOR DE QUIJE'),
('050910', 'AYACUCHO', 'SUCRE', 'SANTIAGO DE PAUCARAY'),
('050911', 'AYACUCHO', 'SUCRE', 'SORAS'),
('051001', 'AYACUCHO', 'VICTOR FAJARDO', 'HUANCAPI'),
('051002', 'AYACUCHO', 'VICTOR FAJARDO', 'ALCAMENCA'),
('051003', 'AYACUCHO', 'VICTOR FAJARDO', 'APONGO'),
('051004', 'AYACUCHO', 'VICTOR FAJARDO', 'ASQUIPATA'),
('051005', 'AYACUCHO', 'VICTOR FAJARDO', 'CANARIA'),
('051006', 'AYACUCHO', 'VICTOR FAJARDO', 'CAYARA'),
('051007', 'AYACUCHO', 'VICTOR FAJARDO', 'COLCA'),
('051008', 'AYACUCHO', 'VICTOR FAJARDO', 'HUAMANQUIQUIA'),
('051009', 'AYACUCHO', 'VICTOR FAJARDO', 'HUANCARAYLLA'),
('051010', 'AYACUCHO', 'VICTOR FAJARDO', 'HUAYA'),
('051011', 'AYACUCHO', 'VICTOR FAJARDO', 'SARHUA'),
('051012', 'AYACUCHO', 'VICTOR FAJARDO', 'VILCANCHOS'),
('051101', 'AYACUCHO', 'VILCAS HUAMAN', 'VILCAS HUAMAN'),
('051102', 'AYACUCHO', 'VILCAS HUAMAN', 'ACCOMARCA'),
('051103', 'AYACUCHO', 'VILCAS HUAMAN', 'CARHUANCA'),
('051104', 'AYACUCHO', 'VILCAS HUAMAN', 'CONCEPCION'),
('051105', 'AYACUCHO', 'VILCAS HUAMAN', 'HUAMBALPA'),
('051106', 'AYACUCHO', 'VILCAS HUAMAN', 'INDEPENDENCIA'),
('051107', 'AYACUCHO', 'VILCAS HUAMAN', 'SAURAMA'),
('051108', 'AYACUCHO', 'VILCAS HUAMAN', 'VISCHONGO'),
('060101', 'CAJAMARCA', 'CAJAMARCA', 'CAJAMARCA'),
('060102', 'CAJAMARCA', 'CAJAMARCA', 'ASUNCION'),
('060103', 'CAJAMARCA', 'CAJAMARCA', 'CHETILLA'),
('060104', 'CAJAMARCA', 'CAJAMARCA', 'COSPAN'),
('060105', 'CAJAMARCA', 'CAJAMARCA', 'ENCAÑADA'),
('060106', 'CAJAMARCA', 'CAJAMARCA', 'JESUS'),
('060107', 'CAJAMARCA', 'CAJAMARCA', 'LLACANORA'),
('060108', 'CAJAMARCA', 'CAJAMARCA', 'LOS BAÑOS DEL INCA'),
('060109', 'CAJAMARCA', 'CAJAMARCA', 'MAGDALENA'),
('060110', 'CAJAMARCA', 'CAJAMARCA', 'MATARA'),
('060111', 'CAJAMARCA', 'CAJAMARCA', 'NAMORA'),
('060112', 'CAJAMARCA', 'CAJAMARCA', 'SAN JUAN'),
('060201', 'CAJAMARCA', 'CAJABAMBA', 'CAJABAMBA'),
('060202', 'CAJAMARCA', 'CAJABAMBA', 'CACHACHI'),
('060203', 'CAJAMARCA', 'CAJABAMBA', 'CONDEBAMBA'),
('060204', 'CAJAMARCA', 'CAJABAMBA', 'SITACOCHA'),
('060301', 'CAJAMARCA', 'CELENDIN', 'CELENDIN'),
('060302', 'CAJAMARCA', 'CELENDIN', 'CHUMUCH'),
('060303', 'CAJAMARCA', 'CELENDIN', 'CORTEGANA'),
('060304', 'CAJAMARCA', 'CELENDIN', 'HUASMIN'),
('060305', 'CAJAMARCA', 'CELENDIN', 'JORGE CHAVEZ'),
('060306', 'CAJAMARCA', 'CELENDIN', 'JOSE GALVEZ'),
('060307', 'CAJAMARCA', 'CELENDIN', 'MIGUEL IGLESIAS'),
('060308', 'CAJAMARCA', 'CELENDIN', 'OXAMARCA'),
('060309', 'CAJAMARCA', 'CELENDIN', 'SOROCHUCO'),
('060310', 'CAJAMARCA', 'CELENDIN', 'SUCRE'),
('060311', 'CAJAMARCA', 'CELENDIN', 'UTCO'),
('060312', 'CAJAMARCA', 'CELENDIN', 'LA LIBERTAD DE PALLAN'),
('060401', 'CAJAMARCA', 'CHOTA', 'CHOTA'),
('060402', 'CAJAMARCA', 'CHOTA', 'ANGUIA'),
('060403', 'CAJAMARCA', 'CHOTA', 'CHADIN'),
('060404', 'CAJAMARCA', 'CHOTA', 'CHIGUIRIP'),
('060405', 'CAJAMARCA', 'CHOTA', 'CHIMBAN'),
('060406', 'CAJAMARCA', 'CHOTA', 'CHOROPAMPA'),
('060407', 'CAJAMARCA', 'CHOTA', 'COCHABAMBA'),
('060408', 'CAJAMARCA', 'CHOTA', 'CONCHAN'),
('060409', 'CAJAMARCA', 'CHOTA', 'HUAMBOS'),
('060410', 'CAJAMARCA', 'CHOTA', 'LAJAS'),
('060411', 'CAJAMARCA', 'CHOTA', 'LLAMA'),
('060412', 'CAJAMARCA', 'CHOTA', 'MIRACOSTA'),
('060413', 'CAJAMARCA', 'CHOTA', 'PACCHA'),
('060414', 'CAJAMARCA', 'CHOTA', 'PION'),
('060415', 'CAJAMARCA', 'CHOTA', 'QUEROCOTO'),
('060416', 'CAJAMARCA', 'CHOTA', 'SAN JUAN DE LICUPIS'),
('060417', 'CAJAMARCA', 'CHOTA', 'TACABAMBA'),
('060418', 'CAJAMARCA', 'CHOTA', 'TOCMOCHE'),
('060419', 'CAJAMARCA', 'CHOTA', 'CHALAMARCA'),
('060501', 'CAJAMARCA', 'CONTUMAZA', 'CONTUMAZA'),
('060502', 'CAJAMARCA', 'CONTUMAZA', 'CHILETE'),
('060503', 'CAJAMARCA', 'CONTUMAZA', 'CUPISNIQUE'),
('060504', 'CAJAMARCA', 'CONTUMAZA', 'GUZMANGO'),
('060505', 'CAJAMARCA', 'CONTUMAZA', 'SAN BENITO'),
('060506', 'CAJAMARCA', 'CONTUMAZA', 'SANTA CRUZ DE TOLED'),
('060507', 'CAJAMARCA', 'CONTUMAZA', 'TANTARICA'),
('060508', 'CAJAMARCA', 'CONTUMAZA', 'YONAN'),
('060601', 'CAJAMARCA', 'CUTERVO', 'CUTERVO'),
('060602', 'CAJAMARCA', 'CUTERVO', 'CALLAYUC'),
('060603', 'CAJAMARCA', 'CUTERVO', 'CHOROS'),
('060604', 'CAJAMARCA', 'CUTERVO', 'CUJILLO'),
('060605', 'CAJAMARCA', 'CUTERVO', 'LA RAMADA'),
('060606', 'CAJAMARCA', 'CUTERVO', 'PIMPINGOS'),
('060607', 'CAJAMARCA', 'CUTERVO', 'QUEROCOTILLO'),
('060608', 'CAJAMARCA', 'CUTERVO', 'SAN ANDRES DE CUTERVO'),
('060609', 'CAJAMARCA', 'CUTERVO', 'SAN JUAN DE CUTERVO'),
('060610', 'CAJAMARCA', 'CUTERVO', 'SAN LUIS DE LUCMA'),
('060611', 'CAJAMARCA', 'CUTERVO', 'SANTA CRUZ'),
('060612', 'CAJAMARCA', 'CUTERVO', 'SANTO DOMINGO DE LA CAPILLA'),
('060613', 'CAJAMARCA', 'CUTERVO', 'SANTO TOMAS'),
('060614', 'CAJAMARCA', 'CUTERVO', 'SOCOTA'),
('060615', 'CAJAMARCA', 'CUTERVO', 'TORIBIO CASANOVA'),
('060701', 'CAJAMARCA', 'HUALGAYOC', 'BAMBAMARCA'),
('060702', 'CAJAMARCA', 'HUALGAYOC', 'CHUGUR'),
('060703', 'CAJAMARCA', 'HUALGAYOC', 'HUALGAYOC'),
('060801', 'CAJAMARCA', 'JAEN', 'JAEN'),
('060802', 'CAJAMARCA', 'JAEN', 'BELLAVISTA'),
('060803', 'CAJAMARCA', 'JAEN', 'CHONTALI'),
('060804', 'CAJAMARCA', 'JAEN', 'COLASAY'),
('060805', 'CAJAMARCA', 'JAEN', 'HUABAL'),
('060806', 'CAJAMARCA', 'JAEN', 'LAS PIRIAS'),
('060807', 'CAJAMARCA', 'JAEN', 'POMAHUACA'),
('060808', 'CAJAMARCA', 'JAEN', 'PUCARA'),
('060809', 'CAJAMARCA', 'JAEN', 'SALLIQUE'),
('060810', 'CAJAMARCA', 'JAEN', 'SAN FELIPE'),
('060811', 'CAJAMARCA', 'JAEN', 'SAN JOSE DEL ALTO'),
('060812', 'CAJAMARCA', 'JAEN', 'SANTA ROSA'),
('060901', 'CAJAMARCA', 'SAN IGNACIO', 'SAN IGNACIO'),
('060902', 'CAJAMARCA', 'SAN IGNACIO', 'CHIRINOS'),
('060903', 'CAJAMARCA', 'SAN IGNACIO', 'HUARANGO'),
('060904', 'CAJAMARCA', 'SAN IGNACIO', 'LA COIPA'),
('060905', 'CAJAMARCA', 'SAN IGNACIO', 'NAMBALLE'),
('060906', 'CAJAMARCA', 'SAN IGNACIO', 'SAN JOSE DE LOURDES'),
('060907', 'CAJAMARCA', 'SAN IGNACIO', 'TABACONAS'),
('061001', 'CAJAMARCA', 'SAN MARCOS', 'PEDRO GALVEZ'),
('061002', 'CAJAMARCA', 'SAN MARCOS', 'CHANCAY'),
('061003', 'CAJAMARCA', 'SAN MARCOS', 'EDUARDO VILLANUEVA'),
('061004', 'CAJAMARCA', 'SAN MARCOS', 'GREGORIO PITA'),
('061005', 'CAJAMARCA', 'SAN MARCOS', 'ICHOCAN'),
('061006', 'CAJAMARCA', 'SAN MARCOS', 'JOSE MANUEL QUIROZ'),
('061007', 'CAJAMARCA', 'SAN MARCOS', 'JOSE SABOGAL'),
('061101', 'CAJAMARCA', 'SAN MIGUEL', 'SAN MIGUEL'),
('061102', 'CAJAMARCA', 'SAN MIGUEL', 'BOLIVAR'),
('061103', 'CAJAMARCA', 'SAN MIGUEL', 'CALQUIS'),
('061104', 'CAJAMARCA', 'SAN MIGUEL', 'CATILLUC'),
('061105', 'CAJAMARCA', 'SAN MIGUEL', 'EL PRADO'),
('061106', 'CAJAMARCA', 'SAN MIGUEL', 'LA FLORIDA'),
('061107', 'CAJAMARCA', 'SAN MIGUEL', 'LLAPA'),
('061108', 'CAJAMARCA', 'SAN MIGUEL', 'NANCHOC'),
('061109', 'CAJAMARCA', 'SAN MIGUEL', 'NIEPOS'),
('061110', 'CAJAMARCA', 'SAN MIGUEL', 'SAN GREGORIO'),
('061111', 'CAJAMARCA', 'SAN MIGUEL', 'SAN SILVESTRE DE COCHAN'),
('061112', 'CAJAMARCA', 'SAN MIGUEL', 'TONGOD'),
('061113', 'CAJAMARCA', 'SAN MIGUEL', 'UNION AGUA BLANCA'),
('061201', 'CAJAMARCA', 'SAN PABLO', 'SAN PABLO'),
('061202', 'CAJAMARCA', 'SAN PABLO', 'SAN BERNARDINO'),
('061203', 'CAJAMARCA', 'SAN PABLO', 'SAN LUIS'),
('061204', 'CAJAMARCA', 'SAN PABLO', 'TUMBADEN'),
('061301', 'CAJAMARCA', 'SANTA CRUZ', 'SANTA CRUZ'),
('061302', 'CAJAMARCA', 'SANTA CRUZ', 'ANDABAMBA'),
('061303', 'CAJAMARCA', 'SANTA CRUZ', 'CATACHE'),
('061304', 'CAJAMARCA', 'SANTA CRUZ', 'CHANCAYBAÑOS'),
('061305', 'CAJAMARCA', 'SANTA CRUZ', 'LA ESPERANZA'),
('061306', 'CAJAMARCA', 'SANTA CRUZ', 'NINABAMBA'),
('061307', 'CAJAMARCA', 'SANTA CRUZ', 'PULAN'),
('061308', 'CAJAMARCA', 'SANTA CRUZ', 'SAUCEPAMPA'),
('061309', 'CAJAMARCA', 'SANTA CRUZ', 'SEXI'),
('061310', 'CAJAMARCA', 'SANTA CRUZ', 'UTICYACU'),
('061311', 'CAJAMARCA', 'SANTA CRUZ', 'YAUYUCAN'),
('070101', 'CALLAO', 'CALLAO', 'CALLAO'),
('070102', 'CALLAO', 'CALLAO', 'BELLAVISTA'),
('070103', 'CALLAO', 'CALLAO', 'CARMEN DE LA LEGUA REYNOSO'),
('070104', 'CALLAO', 'CALLAO', 'LA PERLA'),
('070105', 'CALLAO', 'CALLAO', 'LA PUNTA'),
('070106', 'CALLAO', 'CALLAO', 'VENTANILLA'),
('080101', 'CUSCO', 'CUSCO', 'CUSCO'),
('080102', 'CUSCO', 'CUSCO', 'CCORCA'),
('080103', 'CUSCO', 'CUSCO', 'POROY'),
('080104', 'CUSCO', 'CUSCO', 'SAN JERONIMO'),
('080105', 'CUSCO', 'CUSCO', 'SAN SEBASTIAN'),
('080106', 'CUSCO', 'CUSCO', 'SANTIAGO'),
('080107', 'CUSCO', 'CUSCO', 'SAYLLA'),
('080108', 'CUSCO', 'CUSCO', 'WANCHAQ'),
('080201', 'CUSCO', 'ACOMAYO', 'ACOMAYO'),
('080202', 'CUSCO', 'ACOMAYO', 'ACOPIA'),
('080203', 'CUSCO', 'ACOMAYO', 'ACOS'),
('080204', 'CUSCO', 'ACOMAYO', 'MOSOC LLACTA'),
('080205', 'CUSCO', 'ACOMAYO', 'POMACANCHI'),
('080206', 'CUSCO', 'ACOMAYO', 'RONDOCAN'),
('080207', 'CUSCO', 'ACOMAYO', 'SANGARARA'),
('080301', 'CUSCO', 'ANTA', 'ANTA'),
('080302', 'CUSCO', 'ANTA', 'ANCAHUASI'),
('080303', 'CUSCO', 'ANTA', 'CACHIMAYO'),
('080304', 'CUSCO', 'ANTA', 'CHINCHAYPUJIO'),
('080305', 'CUSCO', 'ANTA', 'HUAROCONDO'),
('080306', 'CUSCO', 'ANTA', 'LIMATAMBO'),
('080307', 'CUSCO', 'ANTA', 'MOLLEPATA'),
('080308', 'CUSCO', 'ANTA', 'PUCYURA'),
('080309', 'CUSCO', 'ANTA', 'ZURITE'),
('080401', 'CUSCO', 'CALCA', 'CALCA'),
('080402', 'CUSCO', 'CALCA', 'COYA'),
('080403', 'CUSCO', 'CALCA', 'LAMAY'),
('080404', 'CUSCO', 'CALCA', 'LARES'),
('080405', 'CUSCO', 'CALCA', 'PISAC'),
('080406', 'CUSCO', 'CALCA', 'SAN SALVADOR'),
('080407', 'CUSCO', 'CALCA', 'TARAY'),
('080408', 'CUSCO', 'CALCA', 'YANATILE'),
('080501', 'CUSCO', 'CANAS', 'YANAOCA'),
('080502', 'CUSCO', 'CANAS', 'CHECCA'),
('080503', 'CUSCO', 'CANAS', 'KUNTURKANKI'),
('080504', 'CUSCO', 'CANAS', 'LANGUI'),
('080505', 'CUSCO', 'CANAS', 'LAYO'),
('080506', 'CUSCO', 'CANAS', 'PAMPAMARCA'),
('080507', 'CUSCO', 'CANAS', 'QUEHUE'),
('080508', 'CUSCO', 'CANAS', 'TUPAC AMARU'),
('080601', 'CUSCO', 'CANCHIS', 'SICUANI'),
('080602', 'CUSCO', 'CANCHIS', 'CHECACUPE'),
('080603', 'CUSCO', 'CANCHIS', 'COMBAPATA'),
('080604', 'CUSCO', 'CANCHIS', 'MARANGANI'),
('080605', 'CUSCO', 'CANCHIS', 'PITUMARCA'),
('080606', 'CUSCO', 'CANCHIS', 'SAN PABLO'),
('080607', 'CUSCO', 'CANCHIS', 'SAN PEDRO'),
('080608', 'CUSCO', 'CANCHIS', 'TINTA'),
('080701', 'CUSCO', 'CHUMBIVILCAS', 'SANTO TOMAS'),
('080702', 'CUSCO', 'CHUMBIVILCAS', 'CAPACMARCA'),
('080703', 'CUSCO', 'CHUMBIVILCAS', 'CHAMACA'),
('080704', 'CUSCO', 'CHUMBIVILCAS', 'COLQUEMARCA'),
('080705', 'CUSCO', 'CHUMBIVILCAS', 'LIVITACA'),
('080706', 'CUSCO', 'CHUMBIVILCAS', 'LLUSCO'),
('080707', 'CUSCO', 'CHUMBIVILCAS', 'QUIÑOTA'),
('080708', 'CUSCO', 'CHUMBIVILCAS', 'VELILLE'),
('080801', 'CUSCO', 'ESPINAR', 'ESPINAR'),
('080802', 'CUSCO', 'ESPINAR', 'CONDOROMA'),
('080803', 'CUSCO', 'ESPINAR', 'COPORAQUE'),
('080804', 'CUSCO', 'ESPINAR', 'OCORURO'),
('080805', 'CUSCO', 'ESPINAR', 'PALLPATA'),
('080806', 'CUSCO', 'ESPINAR', 'PICHIGUA'),
('080807', 'CUSCO', 'ESPINAR', 'SUYCKUTAMBO'),
('080808', 'CUSCO', 'ESPINAR', 'ALTO PICHIGUA'),
('080901', 'CUSCO', 'LA CONVENCION', 'SANTA ANA'),
('080902', 'CUSCO', 'LA CONVENCION', 'ECHARATE'),
('080903', 'CUSCO', 'LA CONVENCION', 'HUAYOPATA'),
('080904', 'CUSCO', 'LA CONVENCION', 'MARANURA'),
('080905', 'CUSCO', 'LA CONVENCION', 'OCOBAMBA'),
('080906', 'CUSCO', 'LA CONVENCION', 'QUELLOUNO'),
('080907', 'CUSCO', 'LA CONVENCION', 'KIMBIRI'),
('080908', 'CUSCO', 'LA CONVENCION', 'SANTA TERESA'),
('080909', 'CUSCO', 'LA CONVENCION', 'VILCABAMBA'),
('080910', 'CUSCO', 'LA CONVENCION', 'PICHARI'),
('081001', 'CUSCO', 'PARURO', 'PARURO'),
('081002', 'CUSCO', 'PARURO', 'ACCHA'),
('081003', 'CUSCO', 'PARURO', 'CCAPI'),
('081004', 'CUSCO', 'PARURO', 'COLCHA'),
('081005', 'CUSCO', 'PARURO', 'HUANOQUITE'),
('081006', 'CUSCO', 'PARURO', 'OMACHA'),
('081007', 'CUSCO', 'PARURO', 'PACCARITAMBO'),
('081008', 'CUSCO', 'PARURO', 'PILLPINTO'),
('081009', 'CUSCO', 'PARURO', 'YAURISQUE'),
('081101', 'CUSCO', 'PAUCARTAMBO', 'PAUCARTAMBO'),
('081102', 'CUSCO', 'PAUCARTAMBO', 'CAICAY'),
('081103', 'CUSCO', 'PAUCARTAMBO', 'CHALLABAMBA'),
('081104', 'CUSCO', 'PAUCARTAMBO', 'COLQUEPATA'),
('081105', 'CUSCO', 'PAUCARTAMBO', 'HUANCARANI'),
('081106', 'CUSCO', 'PAUCARTAMBO', 'KOSÑIPATA'),
('081201', 'CUSCO', 'QUISPICANCHI', 'URCOS'),
('081202', 'CUSCO', 'QUISPICANCHI', 'ANDAHUAYLILLAS'),
('081203', 'CUSCO', 'QUISPICANCHI', 'CAMANTI'),
('081204', 'CUSCO', 'QUISPICANCHI', 'CCARHUAYO'),
('081205', 'CUSCO', 'QUISPICANCHI', 'CCATCA'),
('081206', 'CUSCO', 'QUISPICANCHI', 'CUSIPATA'),
('081207', 'CUSCO', 'QUISPICANCHI', 'HUARO'),
('081208', 'CUSCO', 'QUISPICANCHI', 'LUCRE'),
('081209', 'CUSCO', 'QUISPICANCHI', 'MARCAPATA'),
('081210', 'CUSCO', 'QUISPICANCHI', 'OCONGATE'),
('081211', 'CUSCO', 'QUISPICANCHI', 'OROPESA'),
('081212', 'CUSCO', 'QUISPICANCHI', 'QUIQUIJANA'),
('081301', 'CUSCO', 'URUBAMBA', 'URUBAMBA'),
('081302', 'CUSCO', 'URUBAMBA', 'CHINCHERO'),
('081303', 'CUSCO', 'URUBAMBA', 'HUAYLLABAMBA'),
('081304', 'CUSCO', 'URUBAMBA', 'MACHUPICCHU'),
('081305', 'CUSCO', 'URUBAMBA', 'MARAS'),
('081306', 'CUSCO', 'URUBAMBA', 'OLLANTAYTAMBO'),
('081307', 'CUSCO', 'URUBAMBA', 'YUCAY'),
('090101', 'HUANCAVELICA', 'HUANCAVELICA', 'HUANCAVELICA'),
('090102', 'HUANCAVELICA', 'HUANCAVELICA', 'ACOBAMBILLA'),
('090103', 'HUANCAVELICA', 'HUANCAVELICA', 'ACORIA'),
('090104', 'HUANCAVELICA', 'HUANCAVELICA', 'CONAYCA'),
('090105', 'HUANCAVELICA', 'HUANCAVELICA', 'CUENCA'),
('090106', 'HUANCAVELICA', 'HUANCAVELICA', 'HUACHOCOLPA'),
('090107', 'HUANCAVELICA', 'HUANCAVELICA', 'HUAYLLAHUARA'),
('090108', 'HUANCAVELICA', 'HUANCAVELICA', 'IZCUCHACA'),
('090109', 'HUANCAVELICA', 'HUANCAVELICA', 'LARIA'),
('090110', 'HUANCAVELICA', 'HUANCAVELICA', 'MANTA'),
('090111', 'HUANCAVELICA', 'HUANCAVELICA', 'MARISCAL CACERES'),
('090112', 'HUANCAVELICA', 'HUANCAVELICA', 'MOYA'),
('090113', 'HUANCAVELICA', 'HUANCAVELICA', 'NUEVO OCCORO'),
('090114', 'HUANCAVELICA', 'HUANCAVELICA', 'PALCA'),
('090115', 'HUANCAVELICA', 'HUANCAVELICA', 'PILCHACA'),
('090116', 'HUANCAVELICA', 'HUANCAVELICA', 'VILCA'),
('090117', 'HUANCAVELICA', 'HUANCAVELICA', 'YAULI'),
('090118', 'HUANCAVELICA', 'HUANCAVELICA', 'ASCENSION'),
('090119', 'HUANCAVELICA', 'HUANCAVELICA', 'HUANDO'),
('090201', 'HUANCAVELICA', 'ACOBAMBA', 'ACOBAMBA'),
('090202', 'HUANCAVELICA', 'ACOBAMBA', 'ANDABAMBA'),
('090203', 'HUANCAVELICA', 'ACOBAMBA', 'ANTA'),
('090204', 'HUANCAVELICA', 'ACOBAMBA', 'CAJA'),
('090205', 'HUANCAVELICA', 'ACOBAMBA', 'MARCAS'),
('090206', 'HUANCAVELICA', 'ACOBAMBA', 'PAUCARA'),
('090207', 'HUANCAVELICA', 'ACOBAMBA', 'POMACOCHA'),
('090208', 'HUANCAVELICA', 'ACOBAMBA', 'ROSARIO'),
('090301', 'HUANCAVELICA', 'ANGARAES', 'LIRCAY'),
('090302', 'HUANCAVELICA', 'ANGARAES', 'ANCHONGA'),
('090303', 'HUANCAVELICA', 'ANGARAES', 'CALLANMARCA'),
('090304', 'HUANCAVELICA', 'ANGARAES', 'CCOCHACCASA'),
('090305', 'HUANCAVELICA', 'ANGARAES', 'CHINCHO'),
('090306', 'HUANCAVELICA', 'ANGARAES', 'CONGALLA'),
('090307', 'HUANCAVELICA', 'ANGARAES', 'HUANCA-HUANCA'),
('090308', 'HUANCAVELICA', 'ANGARAES', 'HUAYLLAY GRANDE'),
('090309', 'HUANCAVELICA', 'ANGARAES', 'JULCAMARCA'),
('090310', 'HUANCAVELICA', 'ANGARAES', 'SAN ANTONIO DE ANTAPARCO'),
('090311', 'HUANCAVELICA', 'ANGARAES', 'SANTO TOMAS DE PATA'),
('090312', 'HUANCAVELICA', 'ANGARAES', 'SECCLLA'),
('090401', 'HUANCAVELICA', 'CASTROVIRREYNA', 'CASTROVIRREYNA'),
('090402', 'HUANCAVELICA', 'CASTROVIRREYNA', 'ARMA'),
('090403', 'HUANCAVELICA', 'CASTROVIRREYNA', 'AURAHUA'),
('090404', 'HUANCAVELICA', 'CASTROVIRREYNA', 'CAPILLAS'),
('090405', 'HUANCAVELICA', 'CASTROVIRREYNA', 'CHUPAMARCA'),
('090406', 'HUANCAVELICA', 'CASTROVIRREYNA', 'COCAS'),
('090407', 'HUANCAVELICA', 'CASTROVIRREYNA', 'HUACHOS'),
('090408', 'HUANCAVELICA', 'CASTROVIRREYNA', 'HUAMATAMBO'),
('090409', 'HUANCAVELICA', 'CASTROVIRREYNA', 'MOLLEPAMPA'),
('090410', 'HUANCAVELICA', 'CASTROVIRREYNA', 'SAN JUAN'),
('090411', 'HUANCAVELICA', 'CASTROVIRREYNA', 'SANTA ANA'),
('090412', 'HUANCAVELICA', 'CASTROVIRREYNA', 'TANTARA'),
('090413', 'HUANCAVELICA', 'CASTROVIRREYNA', 'TICRAPO'),
('090501', 'HUANCAVELICA', 'CHURCAMPA', 'CHURCAMPA'),
('090502', 'HUANCAVELICA', 'CHURCAMPA', 'ANCO'),
('090503', 'HUANCAVELICA', 'CHURCAMPA', 'CHINCHIHUASI'),
('090504', 'HUANCAVELICA', 'CHURCAMPA', 'EL CARMEN'),
('090505', 'HUANCAVELICA', 'CHURCAMPA', 'LA MERCED'),
('090506', 'HUANCAVELICA', 'CHURCAMPA', 'LOCROJA'),
('090507', 'HUANCAVELICA', 'CHURCAMPA', 'PAUCARBAMBA'),
('090508', 'HUANCAVELICA', 'CHURCAMPA', 'SAN MIGUEL DE MAYOCC'),
('090509', 'HUANCAVELICA', 'CHURCAMPA', 'SAN PEDRO DE CORIS'),
('090510', 'HUANCAVELICA', 'CHURCAMPA', 'PACHAMARCA'),
('090511', 'HUANCAVELICA', 'CHURCAMPA', 'COSME'),
('090601', 'HUANCAVELICA', 'HUAYTARA', 'HUAYTARA'),
('090602', 'HUANCAVELICA', 'HUAYTARA', 'AYAVI'),
('090603', 'HUANCAVELICA', 'HUAYTARA', 'CORDOVA'),
('090604', 'HUANCAVELICA', 'HUAYTARA', 'HUAYACUNDO ARMA'),
('090605', 'HUANCAVELICA', 'HUAYTARA', 'LARAMARCA'),
('090606', 'HUANCAVELICA', 'HUAYTARA', 'OCOYO'),
('090607', 'HUANCAVELICA', 'HUAYTARA', 'PILPICHACA'),
('090608', 'HUANCAVELICA', 'HUAYTARA', 'QUERCO'),
('090609', 'HUANCAVELICA', 'HUAYTARA', 'QUITO-ARMA'),
('090610', 'HUANCAVELICA', 'HUAYTARA', 'SAN ANTONIO DE CUSICANCHA'),
('090611', 'HUANCAVELICA', 'HUAYTARA', 'SAN FRANCISCO DE SANGAYAICO'),
('090612', 'HUANCAVELICA', 'HUAYTARA', 'SAN ISIDRO'),
('090613', 'HUANCAVELICA', 'HUAYTARA', 'SANTIAGO DE CHOCORVOS'),
('090614', 'HUANCAVELICA', 'HUAYTARA', 'SANTIAGO DE QUIRAHUARA'),
('090615', 'HUANCAVELICA', 'HUAYTARA', 'SANTO DOMINGO DE CAPILLAS'),
('090616', 'HUANCAVELICA', 'HUAYTARA', 'TAMBO'),
('090701', 'HUANCAVELICA', 'TAYACAJA', 'PAMPAS'),
('090702', 'HUANCAVELICA', 'TAYACAJA', 'ACOSTAMBO'),
('090703', 'HUANCAVELICA', 'TAYACAJA', 'ACRAQUIA'),
('090704', 'HUANCAVELICA', 'TAYACAJA', 'AHUAYCHA'),
('090705', 'HUANCAVELICA', 'TAYACAJA', 'COLCABAMBA'),
('090706', 'HUANCAVELICA', 'TAYACAJA', 'DANIEL HERNANDEZ'),
('090707', 'HUANCAVELICA', 'TAYACAJA', 'HUACHOCOLPA'),
('090709', 'HUANCAVELICA', 'TAYACAJA', 'HUARIBAMBA'),
('090710', 'HUANCAVELICA', 'TAYACAJA', 'ÑAHUIMPUQUIO'),
('090711', 'HUANCAVELICA', 'TAYACAJA', 'PAZOS'),
('090713', 'HUANCAVELICA', 'TAYACAJA', 'QUISHUAR'),
('090714', 'HUANCAVELICA', 'TAYACAJA', 'SALCABAMBA'),
('090715', 'HUANCAVELICA', 'TAYACAJA', 'SALCAHUASI'),
('090716', 'HUANCAVELICA', 'TAYACAJA', 'SAN MARCOS DE ROCCHAC'),
('090717', 'HUANCAVELICA', 'TAYACAJA', 'SURCUBAMBA'),
('090718', 'HUANCAVELICA', 'TAYACAJA', 'TINTAY PUNCU'),
('100101', 'HUANUCO', 'HUANUCO', 'HUANUCO'),
('100102', 'HUANUCO', 'HUANUCO', 'AMARILIS'),
('100103', 'HUANUCO', 'HUANUCO', 'CHINCHAO'),
('100104', 'HUANUCO', 'HUANUCO', 'CHURUBAMBA'),
('100105', 'HUANUCO', 'HUANUCO', 'MARGOS'),
('100106', 'HUANUCO', 'HUANUCO', 'QUISQUI (KICHKI)'),
('100107', 'HUANUCO', 'HUANUCO', 'SAN FRANCISCO DE CAYRAN'),
('100108', 'HUANUCO', 'HUANUCO', 'SAN PEDRO DE CHAULAN'),
('100109', 'HUANUCO', 'HUANUCO', 'SANTA MARIA DEL VALLE'),
('100110', 'HUANUCO', 'HUANUCO', 'YARUMAYO'),
('100111', 'HUANUCO', 'HUANUCO', 'PILLCO MARCA'),
('100112', 'HUANUCO', 'HUANUCO', 'YACUS'),
('100201', 'HUANUCO', 'AMBO', 'AMBO'),
('100202', 'HUANUCO', 'AMBO', 'CAYNA'),
('100203', 'HUANUCO', 'AMBO', 'COLPAS'),
('100204', 'HUANUCO', 'AMBO', 'CONCHAMARCA'),
('100205', 'HUANUCO', 'AMBO', 'HUACAR'),
('100206', 'HUANUCO', 'AMBO', 'SAN FRANCISCO'),
('100207', 'HUANUCO', 'AMBO', 'SAN RAFAEL'),
('100208', 'HUANUCO', 'AMBO', 'TOMAY KICHWA'),
('100301', 'HUANUCO', 'DOS DE MAYO', 'LA UNION'),
('100307', 'HUANUCO', 'DOS DE MAYO', 'CHUQUIS'),
('100311', 'HUANUCO', 'DOS DE MAYO', 'MARIAS'),
('100313', 'HUANUCO', 'DOS DE MAYO', 'PACHAS'),
('100316', 'HUANUCO', 'DOS DE MAYO', 'QUIVILLA'),
('100317', 'HUANUCO', 'DOS DE MAYO', 'RIPAN'),
('100321', 'HUANUCO', 'DOS DE MAYO', 'SHUNQUI'),
('100322', 'HUANUCO', 'DOS DE MAYO', 'SILLAPATA'),
('100323', 'HUANUCO', 'DOS DE MAYO', 'YANAS'),
('100401', 'HUANUCO', 'HUACAYBAMBA', 'HUACAYBAMBA'),
('100402', 'HUANUCO', 'HUACAYBAMBA', 'CANCHABAMBA'),
('100403', 'HUANUCO', 'HUACAYBAMBA', 'COCHABAMBA'),
('100404', 'HUANUCO', 'HUACAYBAMBA', 'PINRA'),
('100501', 'HUANUCO', 'HUAMALIES', 'LLATA'),
('100502', 'HUANUCO', 'HUAMALIES', 'ARANCAY'),
('100503', 'HUANUCO', 'HUAMALIES', 'CHAVIN DE PARIARCA'),
('100504', 'HUANUCO', 'HUAMALIES', 'JACAS GRANDE'),
('100505', 'HUANUCO', 'HUAMALIES', 'JIRCAN'),
('100506', 'HUANUCO', 'HUAMALIES', 'MIRAFLORES'),
('100507', 'HUANUCO', 'HUAMALIES', 'MONZON'),
('100508', 'HUANUCO', 'HUAMALIES', 'PUNCHAO'),
('100509', 'HUANUCO', 'HUAMALIES', 'PUÑOS'),
('100510', 'HUANUCO', 'HUAMALIES', 'SINGA'),
('100511', 'HUANUCO', 'HUAMALIES', 'TANTAMAYO'),
('100601', 'HUANUCO', 'LEONCIO PRADO', 'RUPA-RUPA'),
('100602', 'HUANUCO', 'LEONCIO PRADO', 'DANIEL ALOMIA ROBLES'),
('100603', 'HUANUCO', 'LEONCIO PRADO', 'HERMILIO VALDIZAN'),
('100604', 'HUANUCO', 'LEONCIO PRADO', 'JOSE CRESPO Y CASTILLO'),
('100605', 'HUANUCO', 'LEONCIO PRADO', 'LUYANDO'),
('100606', 'HUANUCO', 'LEONCIO PRADO', 'MARIANO DAMASO BERAUN'),
('100701', 'HUANUCO', 'MARAÑON', 'HUACRACHUCO'),
('100702', 'HUANUCO', 'MARAÑON', 'CHOLON'),
('100703', 'HUANUCO', 'MARAÑON', 'SAN BUENAVENTURA'),
('100801', 'HUANUCO', 'PACHITEA', 'PANAO'),
('100802', 'HUANUCO', 'PACHITEA', 'CHAGLLA'),
('100803', 'HUANUCO', 'PACHITEA', 'MOLINO'),
('100804', 'HUANUCO', 'PACHITEA', 'UMARI'),
('100901', 'HUANUCO', 'PUERTO INCA', 'PUERTO INCA'),
('100902', 'HUANUCO', 'PUERTO INCA', 'CODO DEL POZUZO'),
('100903', 'HUANUCO', 'PUERTO INCA', 'HONORIA'),
('100904', 'HUANUCO', 'PUERTO INCA', 'TOURNAVISTA'),
('100905', 'HUANUCO', 'PUERTO INCA', 'YUYAPICHIS'),
('101001', 'HUANUCO', 'LAURICOCHA', 'JESUS'),
('101002', 'HUANUCO', 'LAURICOCHA', 'BAÑOS'),
('101003', 'HUANUCO', 'LAURICOCHA', 'JIVIA'),
('101004', 'HUANUCO', 'LAURICOCHA', 'QUEROPALCA'),
('101005', 'HUANUCO', 'LAURICOCHA', 'RONDOS'),
('101006', 'HUANUCO', 'LAURICOCHA', 'SAN FRANCISCO DE ASIS'),
('101007', 'HUANUCO', 'LAURICOCHA', 'SAN MIGUEL DE CAURI'),
('101101', 'HUANUCO', 'YAROWILCA', 'CHAVINILLO'),
('101102', 'HUANUCO', 'YAROWILCA', 'CAHUAC'),
('101103', 'HUANUCO', 'YAROWILCA', 'CHACABAMBA'),
('101104', 'HUANUCO', 'YAROWILCA', 'APARICIO POMARES'),
('101105', 'HUANUCO', 'YAROWILCA', 'JACAS CHICO'),
('101106', 'HUANUCO', 'YAROWILCA', 'OBAS'),
('101107', 'HUANUCO', 'YAROWILCA', 'PAMPAMARCA'),
('101108', 'HUANUCO', 'YAROWILCA', 'CHORAS'),
('110101', 'ICA', 'ICA', 'ICA'),
('110102', 'ICA', 'ICA', 'LA TINGUIÑA'),
('110103', 'ICA', 'ICA', 'LOS AQUIJES'),
('110104', 'ICA', 'ICA', 'OCUCAJE'),
('110105', 'ICA', 'ICA', 'PACHACUTEC'),
('110106', 'ICA', 'ICA', 'PARCONA'),
('110107', 'ICA', 'ICA', 'PUEBLO NUEVO'),
('110108', 'ICA', 'ICA', 'SALAS'),
('110109', 'ICA', 'ICA', 'SAN JOSE DE LOS MOLINOS'),
('110110', 'ICA', 'ICA', 'SAN JUAN BAUTISTA'),
('110111', 'ICA', 'ICA', 'SANTIAGO'),
('110112', 'ICA', 'ICA', 'SUBTANJALLA'),
('110113', 'ICA', 'ICA', 'TATE'),
('110114', 'ICA', 'ICA', 'YAUCA DEL ROSARIO'),
('110201', 'ICA', 'CHINCHA', 'CHINCHA ALTA'),
('110202', 'ICA', 'CHINCHA', 'ALTO LARAN'),
('110203', 'ICA', 'CHINCHA', 'CHAVIN'),
('110204', 'ICA', 'CHINCHA', 'CHINCHA BAJA'),
('110205', 'ICA', 'CHINCHA', 'EL CARMEN'),
('110206', 'ICA', 'CHINCHA', 'GROCIO PRADO'),
('110207', 'ICA', 'CHINCHA', 'PUEBLO NUEVO'),
('110208', 'ICA', 'CHINCHA', 'SAN JUAN DE YANAC'),
('110209', 'ICA', 'CHINCHA', 'SAN PEDRO DE HUACARPANA'),
('110210', 'ICA', 'CHINCHA', 'SUNAMPE'),
('110211', 'ICA', 'CHINCHA', 'TAMBO DE MORA'),
('110301', 'ICA', 'NAZCA', 'NAZCA'),
('110302', 'ICA', 'NAZCA', 'CHANGUILLO'),
('110303', 'ICA', 'NAZCA', 'EL INGENIO'),
('110304', 'ICA', 'NAZCA', 'MARCONA'),
('110305', 'ICA', 'NAZCA', 'VISTA ALEGRE'),
('110401', 'ICA', 'PALPA', 'PALPA'),
('110402', 'ICA', 'PALPA', 'LLIPATA'),
('110403', 'ICA', 'PALPA', 'RIO GRANDE'),
('110404', 'ICA', 'PALPA', 'SANTA CRUZ'),
('110405', 'ICA', 'PALPA', 'TIBILLO'),
('110501', 'ICA', 'PISCO', 'PISCO'),
('110502', 'ICA', 'PISCO', 'HUANCANO'),
('110503', 'ICA', 'PISCO', 'HUMAY'),
('110504', 'ICA', 'PISCO', 'INDEPENDENCIA'),
('110505', 'ICA', 'PISCO', 'PARACAS'),
('110506', 'ICA', 'PISCO', 'SAN ANDRES'),
('110507', 'ICA', 'PISCO', 'SAN CLEMENTE'),
('110508', 'ICA', 'PISCO', 'TUPAC AMARU INCA'),
('120101', 'JUNIN', 'HUANCAYO', 'HUANCAYO'),
('120104', 'JUNIN', 'HUANCAYO', 'CARHUACALLANGA'),
('120105', 'JUNIN', 'HUANCAYO', 'CHACAPAMPA'),
('120106', 'JUNIN', 'HUANCAYO', 'CHICCHE'),
('120107', 'JUNIN', 'HUANCAYO', 'CHILCA'),
('120108', 'JUNIN', 'HUANCAYO', 'CHONGOS ALTO'),
('120111', 'JUNIN', 'HUANCAYO', 'CHUPURO'),
('120112', 'JUNIN', 'HUANCAYO', 'COLCA'),
('120113', 'JUNIN', 'HUANCAYO', 'CULLHUAS'),
('120114', 'JUNIN', 'HUANCAYO', 'EL TAMBO'),
('120116', 'JUNIN', 'HUANCAYO', 'HUACRAPUQUIO'),
('120117', 'JUNIN', 'HUANCAYO', 'HUALHUAS'),
('120119', 'JUNIN', 'HUANCAYO', 'HUANCAN'),
('120120', 'JUNIN', 'HUANCAYO', 'HUASICANCHA'),
('120121', 'JUNIN', 'HUANCAYO', 'HUAYUCACHI'),
('120122', 'JUNIN', 'HUANCAYO', 'INGENIO'),
('120124', 'JUNIN', 'HUANCAYO', 'PARIAHUANCA'),
('120125', 'JUNIN', 'HUANCAYO', 'PILCOMAYO'),
('120126', 'JUNIN', 'HUANCAYO', 'PUCARA'),
('120127', 'JUNIN', 'HUANCAYO', 'QUICHUAY'),
('120128', 'JUNIN', 'HUANCAYO', 'QUILCAS'),
('120129', 'JUNIN', 'HUANCAYO', 'SAN AGUSTIN'),
('120130', 'JUNIN', 'HUANCAYO', 'SAN JERONIMO DE TUNAN'),
('120132', 'JUNIN', 'HUANCAYO', 'SAÑO'),
('120133', 'JUNIN', 'HUANCAYO', 'SAPALLANGA'),
('120134', 'JUNIN', 'HUANCAYO', 'SICAYA'),
('120135', 'JUNIN', 'HUANCAYO', 'SANTO DOMINGO DE ACOBAMBA'),
('120136', 'JUNIN', 'HUANCAYO', 'VIQUES'),
('120201', 'JUNIN', 'CONCEPCION', 'CONCEPCION'),
('120202', 'JUNIN', 'CONCEPCION', 'ACO'),
('120203', 'JUNIN', 'CONCEPCION', 'ANDAMARCA'),
('120204', 'JUNIN', 'CONCEPCION', 'CHAMBARA'),
('120205', 'JUNIN', 'CONCEPCION', 'COCHAS'),
('120206', 'JUNIN', 'CONCEPCION', 'COMAS'),
('120207', 'JUNIN', 'CONCEPCION', 'HEROINAS TOLEDO'),
('120208', 'JUNIN', 'CONCEPCION', 'MANZANARES'),
('120209', 'JUNIN', 'CONCEPCION', 'MARISCAL CASTILLA'),
('120210', 'JUNIN', 'CONCEPCION', 'MATAHUASI'),
('120211', 'JUNIN', 'CONCEPCION', 'MITO'),
('120212', 'JUNIN', 'CONCEPCION', 'NUEVE DE JULIO'),
('120213', 'JUNIN', 'CONCEPCION', 'ORCOTUNA'),
('120214', 'JUNIN', 'CONCEPCION', 'SAN JOSE DE QUERO'),
('120215', 'JUNIN', 'CONCEPCION', 'SANTA ROSA DE OCOPA'),
('120301', 'JUNIN', 'CHANCHAMAYO', 'CHANCHAMAYO'),
('120302', 'JUNIN', 'CHANCHAMAYO', 'PERENE'),
('120303', 'JUNIN', 'CHANCHAMAYO', 'PICHANAQUI'),
('120304', 'JUNIN', 'CHANCHAMAYO', 'SAN LUIS DE SHUARO'),
('120305', 'JUNIN', 'CHANCHAMAYO', 'SAN RAMON'),
('120306', 'JUNIN', 'CHANCHAMAYO', 'VITOC'),
('120401', 'JUNIN', 'JAUJA', 'JAUJA'),
('120402', 'JUNIN', 'JAUJA', 'ACOLLA'),
('120403', 'JUNIN', 'JAUJA', 'APATA'),
('120404', 'JUNIN', 'JAUJA', 'ATAURA'),
('120405', 'JUNIN', 'JAUJA', 'CANCHAYLLO'),
('120406', 'JUNIN', 'JAUJA', 'CURICACA'),
('120407', 'JUNIN', 'JAUJA', 'EL MANTARO');
INSERT INTO t_ubigeo (ubigeo, dpto, prov, dist) VALUES
('120408', 'JUNIN', 'JAUJA', 'HUAMALI'),
('120409', 'JUNIN', 'JAUJA', 'HUARIPAMPA'),
('120410', 'JUNIN', 'JAUJA', 'HUERTAS'),
('120411', 'JUNIN', 'JAUJA', 'JANJAILLO'),
('120412', 'JUNIN', 'JAUJA', 'JULCAN'),
('120413', 'JUNIN', 'JAUJA', 'LEONOR ORDOÑEZ'),
('120414', 'JUNIN', 'JAUJA', 'LLOCLLAPAMPA'),
('120415', 'JUNIN', 'JAUJA', 'MARCO'),
('120416', 'JUNIN', 'JAUJA', 'MASMA'),
('120417', 'JUNIN', 'JAUJA', 'MASMA CHICCHE'),
('120418', 'JUNIN', 'JAUJA', 'MOLINOS'),
('120419', 'JUNIN', 'JAUJA', 'MONOBAMBA'),
('120420', 'JUNIN', 'JAUJA', 'MUQUI'),
('120421', 'JUNIN', 'JAUJA', 'MUQUIYAUYO'),
('120422', 'JUNIN', 'JAUJA', 'PACA'),
('120423', 'JUNIN', 'JAUJA', 'PACCHA'),
('120424', 'JUNIN', 'JAUJA', 'PANCAN'),
('120425', 'JUNIN', 'JAUJA', 'PARCO'),
('120426', 'JUNIN', 'JAUJA', 'POMACANCHA'),
('120427', 'JUNIN', 'JAUJA', 'RICRAN'),
('120428', 'JUNIN', 'JAUJA', 'SAN LORENZO'),
('120429', 'JUNIN', 'JAUJA', 'SAN PEDRO DE CHUNAN'),
('120430', 'JUNIN', 'JAUJA', 'SAUSA'),
('120431', 'JUNIN', 'JAUJA', 'SINCOS'),
('120432', 'JUNIN', 'JAUJA', 'TUNAN MARCA'),
('120433', 'JUNIN', 'JAUJA', 'YAULI'),
('120434', 'JUNIN', 'JAUJA', 'YAUYOS'),
('120501', 'JUNIN', 'JUNIN', 'JUNIN'),
('120502', 'JUNIN', 'JUNIN', 'CARHUAMAYO'),
('120503', 'JUNIN', 'JUNIN', 'ONDORES'),
('120504', 'JUNIN', 'JUNIN', 'ULCUMAYO'),
('120601', 'JUNIN', 'SATIPO', 'SATIPO'),
('120602', 'JUNIN', 'SATIPO', 'COVIRIALI'),
('120603', 'JUNIN', 'SATIPO', 'LLAYLLA'),
('120605', 'JUNIN', 'SATIPO', 'PAMPA HERMOSA'),
('120607', 'JUNIN', 'SATIPO', 'RIO NEGRO'),
('120608', 'JUNIN', 'SATIPO', 'RIO TAMBO'),
('120609', 'JUNIN', 'SATIPO', 'MAZAMARI - PANGOA'),
('120701', 'JUNIN', 'TARMA', 'TARMA'),
('120702', 'JUNIN', 'TARMA', 'ACOBAMBA'),
('120703', 'JUNIN', 'TARMA', 'HUARICOLCA'),
('120704', 'JUNIN', 'TARMA', 'HUASAHUASI'),
('120705', 'JUNIN', 'TARMA', 'LA UNION'),
('120706', 'JUNIN', 'TARMA', 'PALCA'),
('120707', 'JUNIN', 'TARMA', 'PALCAMAYO'),
('120708', 'JUNIN', 'TARMA', 'SAN PEDRO DE CAJAS'),
('120709', 'JUNIN', 'TARMA', 'TAPO'),
('120801', 'JUNIN', 'YAULI', 'LA OROYA'),
('120802', 'JUNIN', 'YAULI', 'CHACAPALPA'),
('120803', 'JUNIN', 'YAULI', 'HUAY-HUAY'),
('120804', 'JUNIN', 'YAULI', 'MARCAPOMACOCHA'),
('120805', 'JUNIN', 'YAULI', 'MOROCOCHA'),
('120806', 'JUNIN', 'YAULI', 'PACCHA'),
('120807', 'JUNIN', 'YAULI', 'SANTA BARBARA DE CARHUACAYAN'),
('120808', 'JUNIN', 'YAULI', 'SANTA ROSA DE SACCO'),
('120809', 'JUNIN', 'YAULI', 'SUITUCANCHA'),
('120810', 'JUNIN', 'YAULI', 'YAULI'),
('120901', 'JUNIN', 'CHUPACA', 'CHUPACA'),
('120902', 'JUNIN', 'CHUPACA', 'AHUAC'),
('120903', 'JUNIN', 'CHUPACA', 'CHONGOS BAJO'),
('120904', 'JUNIN', 'CHUPACA', 'HUACHAC'),
('120905', 'JUNIN', 'CHUPACA', 'HUAMANCACA CHICO'),
('120906', 'JUNIN', 'CHUPACA', 'SAN JUAN DE ISCOS'),
('120907', 'JUNIN', 'CHUPACA', 'SAN JUAN DE JARPA'),
('120908', 'JUNIN', 'CHUPACA', 'TRES DE DICIEMBRE'),
('120909', 'JUNIN', 'CHUPACA', 'YANACANCHA'),
('130101', 'LA LIBERTAD', 'TRUJILLO', 'TRUJILLO'),
('130102', 'LA LIBERTAD', 'TRUJILLO', 'EL PORVENIR'),
('130103', 'LA LIBERTAD', 'TRUJILLO', 'FLORENCIA DE MORA'),
('130104', 'LA LIBERTAD', 'TRUJILLO', 'HUANCHACO'),
('130105', 'LA LIBERTAD', 'TRUJILLO', 'LA ESPERANZA'),
('130106', 'LA LIBERTAD', 'TRUJILLO', 'LAREDO'),
('130107', 'LA LIBERTAD', 'TRUJILLO', 'MOCHE'),
('130108', 'LA LIBERTAD', 'TRUJILLO', 'POROTO'),
('130109', 'LA LIBERTAD', 'TRUJILLO', 'SALAVERRY'),
('130110', 'LA LIBERTAD', 'TRUJILLO', 'SIMBAL'),
('130111', 'LA LIBERTAD', 'TRUJILLO', 'VICTOR LARCO HERRERA'),
('130201', 'LA LIBERTAD', 'ASCOPE', 'ASCOPE'),
('130202', 'LA LIBERTAD', 'ASCOPE', 'CHICAMA'),
('130203', 'LA LIBERTAD', 'ASCOPE', 'CHOCOPE'),
('130204', 'LA LIBERTAD', 'ASCOPE', 'MAGDALENA DE CAO'),
('130205', 'LA LIBERTAD', 'ASCOPE', 'PAIJAN'),
('130206', 'LA LIBERTAD', 'ASCOPE', 'RAZURI'),
('130207', 'LA LIBERTAD', 'ASCOPE', 'SANTIAGO DE CAO'),
('130208', 'LA LIBERTAD', 'ASCOPE', 'CASA GRANDE'),
('130301', 'LA LIBERTAD', 'BOLIVAR', 'BOLIVAR'),
('130302', 'LA LIBERTAD', 'BOLIVAR', 'BAMBAMARCA'),
('130303', 'LA LIBERTAD', 'BOLIVAR', 'CONDORMARCA'),
('130304', 'LA LIBERTAD', 'BOLIVAR', 'LONGOTEA'),
('130305', 'LA LIBERTAD', 'BOLIVAR', 'UCHUMARCA'),
('130306', 'LA LIBERTAD', 'BOLIVAR', 'UCUNCHA'),
('130401', 'LA LIBERTAD', 'CHEPEN', 'CHEPEN'),
('130402', 'LA LIBERTAD', 'CHEPEN', 'PACANGA'),
('130403', 'LA LIBERTAD', 'CHEPEN', 'PUEBLO NUEVO'),
('130501', 'LA LIBERTAD', 'JULCAN', 'JULCAN'),
('130502', 'LA LIBERTAD', 'JULCAN', 'CALAMARCA'),
('130503', 'LA LIBERTAD', 'JULCAN', 'CARABAMBA'),
('130504', 'LA LIBERTAD', 'JULCAN', 'HUASO'),
('130601', 'LA LIBERTAD', 'OTUZCO', 'OTUZCO'),
('130602', 'LA LIBERTAD', 'OTUZCO', 'AGALLPAMPA'),
('130604', 'LA LIBERTAD', 'OTUZCO', 'CHARAT'),
('130605', 'LA LIBERTAD', 'OTUZCO', 'HUARANCHAL'),
('130606', 'LA LIBERTAD', 'OTUZCO', 'LA CUESTA'),
('130608', 'LA LIBERTAD', 'OTUZCO', 'MACHE'),
('130610', 'LA LIBERTAD', 'OTUZCO', 'PARANDAY'),
('130611', 'LA LIBERTAD', 'OTUZCO', 'SALPO'),
('130613', 'LA LIBERTAD', 'OTUZCO', 'SINSICAP'),
('130614', 'LA LIBERTAD', 'OTUZCO', 'USQUIL'),
('130701', 'LA LIBERTAD', 'PACASMAYO', 'SAN PEDRO DE LLOC'),
('130702', 'LA LIBERTAD', 'PACASMAYO', 'GUADALUPE'),
('130703', 'LA LIBERTAD', 'PACASMAYO', 'JEQUETEPEQUE'),
('130704', 'LA LIBERTAD', 'PACASMAYO', 'PACASMAYO'),
('130705', 'LA LIBERTAD', 'PACASMAYO', 'SAN JOSE'),
('130801', 'LA LIBERTAD', 'PATAZ', 'TAYABAMBA'),
('130802', 'LA LIBERTAD', 'PATAZ', 'BULDIBUYO'),
('130803', 'LA LIBERTAD', 'PATAZ', 'CHILLIA'),
('130804', 'LA LIBERTAD', 'PATAZ', 'HUANCASPATA'),
('130805', 'LA LIBERTAD', 'PATAZ', 'HUAYLILLAS'),
('130806', 'LA LIBERTAD', 'PATAZ', 'HUAYO'),
('130807', 'LA LIBERTAD', 'PATAZ', 'ONGON'),
('130808', 'LA LIBERTAD', 'PATAZ', 'PARCOY'),
('130809', 'LA LIBERTAD', 'PATAZ', 'PATAZ'),
('130810', 'LA LIBERTAD', 'PATAZ', 'PIAS'),
('130811', 'LA LIBERTAD', 'PATAZ', 'SANTIAGO DE CHALLAS'),
('130812', 'LA LIBERTAD', 'PATAZ', 'TAURIJA'),
('130813', 'LA LIBERTAD', 'PATAZ', 'URPAY'),
('130901', 'LA LIBERTAD', 'SANCHEZ CARRION', 'HUAMACHUCO'),
('130902', 'LA LIBERTAD', 'SANCHEZ CARRION', 'CHUGAY'),
('130903', 'LA LIBERTAD', 'SANCHEZ CARRION', 'COCHORCO'),
('130904', 'LA LIBERTAD', 'SANCHEZ CARRION', 'CURGOS'),
('130905', 'LA LIBERTAD', 'SANCHEZ CARRION', 'MARCABAL'),
('130906', 'LA LIBERTAD', 'SANCHEZ CARRION', 'SANAGORAN'),
('130907', 'LA LIBERTAD', 'SANCHEZ CARRION', 'SARIN'),
('130908', 'LA LIBERTAD', 'SANCHEZ CARRION', 'SARTIMBAMBA'),
('131001', 'LA LIBERTAD', 'SANTIAGO DE CHUCO', 'SANTIAGO DE CHUCO'),
('131002', 'LA LIBERTAD', 'SANTIAGO DE CHUCO', 'ANGASMARCA'),
('131003', 'LA LIBERTAD', 'SANTIAGO DE CHUCO', 'CACHICADAN'),
('131004', 'LA LIBERTAD', 'SANTIAGO DE CHUCO', 'MOLLEBAMBA'),
('131005', 'LA LIBERTAD', 'SANTIAGO DE CHUCO', 'MOLLEPATA'),
('131006', 'LA LIBERTAD', 'SANTIAGO DE CHUCO', 'QUIRUVILCA'),
('131007', 'LA LIBERTAD', 'SANTIAGO DE CHUCO', 'SANTA CRUZ DE CHUCA'),
('131008', 'LA LIBERTAD', 'SANTIAGO DE CHUCO', 'SITABAMBA'),
('131101', 'LA LIBERTAD', 'GRAN CHIMU', 'CASCAS'),
('131102', 'LA LIBERTAD', 'GRAN CHIMU', 'LUCMA'),
('131103', 'LA LIBERTAD', 'GRAN CHIMU', 'MARMOT'),
('131104', 'LA LIBERTAD', 'GRAN CHIMU', 'SAYAPULLO'),
('131201', 'LA LIBERTAD', 'VIRU', 'VIRU'),
('131202', 'LA LIBERTAD', 'VIRU', 'CHAO'),
('131203', 'LA LIBERTAD', 'VIRU', 'GUADALUPITO'),
('140101', 'LAMBAYEQUE', 'CHICLAYO', 'CHICLAYO'),
('140102', 'LAMBAYEQUE', 'CHICLAYO', 'CHONGOYAPE'),
('140103', 'LAMBAYEQUE', 'CHICLAYO', 'ETEN'),
('140104', 'LAMBAYEQUE', 'CHICLAYO', 'ETEN PUERTO'),
('140105', 'LAMBAYEQUE', 'CHICLAYO', 'JOSE LEONARDO ORTIZ'),
('140106', 'LAMBAYEQUE', 'CHICLAYO', 'LA VICTORIA'),
('140107', 'LAMBAYEQUE', 'CHICLAYO', 'LAGUNAS'),
('140108', 'LAMBAYEQUE', 'CHICLAYO', 'MONSEFU'),
('140109', 'LAMBAYEQUE', 'CHICLAYO', 'NUEVA ARICA'),
('140110', 'LAMBAYEQUE', 'CHICLAYO', 'OYOTUN'),
('140111', 'LAMBAYEQUE', 'CHICLAYO', 'PICSI'),
('140112', 'LAMBAYEQUE', 'CHICLAYO', 'PIMENTEL'),
('140113', 'LAMBAYEQUE', 'CHICLAYO', 'REQUE'),
('140114', 'LAMBAYEQUE', 'CHICLAYO', 'SANTA ROSA'),
('140115', 'LAMBAYEQUE', 'CHICLAYO', 'SAÑA'),
('140116', 'LAMBAYEQUE', 'CHICLAYO', 'CAYALTI'),
('140117', 'LAMBAYEQUE', 'CHICLAYO', 'PATAPO'),
('140118', 'LAMBAYEQUE', 'CHICLAYO', 'POMALCA'),
('140119', 'LAMBAYEQUE', 'CHICLAYO', 'PUCALA'),
('140120', 'LAMBAYEQUE', 'CHICLAYO', 'TUMAN'),
('140201', 'LAMBAYEQUE', 'FERREÑAFE', 'FERREÑAFE'),
('140202', 'LAMBAYEQUE', 'FERREÑAFE', 'CAÑARIS'),
('140203', 'LAMBAYEQUE', 'FERREÑAFE', 'INCAHUASI'),
('140204', 'LAMBAYEQUE', 'FERREÑAFE', 'MANUEL ANTONIO MESONES MURO'),
('140205', 'LAMBAYEQUE', 'FERREÑAFE', 'PITIPO'),
('140206', 'LAMBAYEQUE', 'FERREÑAFE', 'PUEBLO NUEVO'),
('140301', 'LAMBAYEQUE', 'LAMBAYEQUE', 'LAMBAYEQUE'),
('140302', 'LAMBAYEQUE', 'LAMBAYEQUE', 'CHOCHOPE'),
('140303', 'LAMBAYEQUE', 'LAMBAYEQUE', 'ILLIMO'),
('140304', 'LAMBAYEQUE', 'LAMBAYEQUE', 'JAYANCA'),
('140305', 'LAMBAYEQUE', 'LAMBAYEQUE', 'MOCHUMI'),
('140306', 'LAMBAYEQUE', 'LAMBAYEQUE', 'MORROPE'),
('140307', 'LAMBAYEQUE', 'LAMBAYEQUE', 'MOTUPE'),
('140308', 'LAMBAYEQUE', 'LAMBAYEQUE', 'OLMOS'),
('140309', 'LAMBAYEQUE', 'LAMBAYEQUE', 'PACORA'),
('140310', 'LAMBAYEQUE', 'LAMBAYEQUE', 'SALAS'),
('140311', 'LAMBAYEQUE', 'LAMBAYEQUE', 'SAN JOSE'),
('140312', 'LAMBAYEQUE', 'LAMBAYEQUE', 'TUCUME'),
('150101', 'LIMA', 'LIMA', 'LIMA'),
('150102', 'LIMA', 'LIMA', 'ANCON'),
('150103', 'LIMA', 'LIMA', 'ATE'),
('150104', 'LIMA', 'LIMA', 'BARRANCO'),
('150105', 'LIMA', 'LIMA', 'BREÑA'),
('150106', 'LIMA', 'LIMA', 'CARABAYLLO'),
('150107', 'LIMA', 'LIMA', 'CHACLACAYO'),
('150108', 'LIMA', 'LIMA', 'CHORRILLOS'),
('150109', 'LIMA', 'LIMA', 'CIENEGUILLA'),
('150110', 'LIMA', 'LIMA', 'COMAS'),
('150111', 'LIMA', 'LIMA', 'EL AGUSTINO'),
('150112', 'LIMA', 'LIMA', 'INDEPENDENCIA'),
('150113', 'LIMA', 'LIMA', 'JESUS MARIA'),
('150114', 'LIMA', 'LIMA', 'LA MOLINA'),
('150115', 'LIMA', 'LIMA', 'LA VICTORIA'),
('150116', 'LIMA', 'LIMA', 'LINCE'),
('150117', 'LIMA', 'LIMA', 'LOS OLIVOS'),
('150118', 'LIMA', 'LIMA', 'LURIGANCHO'),
('150119', 'LIMA', 'LIMA', 'LURIN'),
('150120', 'LIMA', 'LIMA', 'MAGDALENA DEL MAR'),
('150121', 'LIMA', 'LIMA', 'PUEBLO LIBRE'),
('150122', 'LIMA', 'LIMA', 'MIRAFLORES'),
('150123', 'LIMA', 'LIMA', 'PACHACAMAC'),
('150124', 'LIMA', 'LIMA', 'PUCUSANA'),
('150125', 'LIMA', 'LIMA', 'PUENTE PIEDRA'),
('150126', 'LIMA', 'LIMA', 'PUNTA HERMOSA'),
('150127', 'LIMA', 'LIMA', 'PUNTA NEGRA'),
('150128', 'LIMA', 'LIMA', 'RIMAC'),
('150129', 'LIMA', 'LIMA', 'SAN BARTOLO'),
('150130', 'LIMA', 'LIMA', 'SAN BORJA'),
('150131', 'LIMA', 'LIMA', 'SAN ISIDRO'),
('150132', 'LIMA', 'LIMA', 'SAN JUAN DE LURIGANCHO'),
('150133', 'LIMA', 'LIMA', 'SAN JUAN DE MIRAFLORES'),
('150134', 'LIMA', 'LIMA', 'SAN LUIS'),
('150135', 'LIMA', 'LIMA', 'SAN MARTIN DE PORRES'),
('150136', 'LIMA', 'LIMA', 'SAN MIGUEL'),
('150137', 'LIMA', 'LIMA', 'SANTA ANITA'),
('150138', 'LIMA', 'LIMA', 'SANTA MARIA DEL MAR'),
('150139', 'LIMA', 'LIMA', 'SANTA ROSA'),
('150140', 'LIMA', 'LIMA', 'SANTIAGO DE SURCO'),
('150141', 'LIMA', 'LIMA', 'SURQUILLO'),
('150142', 'LIMA', 'LIMA', 'VILLA EL SALVADOR'),
('150143', 'LIMA', 'LIMA', 'VILLA MARIA DEL TRIUNFO'),
('150201', 'LIMA', 'BARRANCA', 'BARRANCA'),
('150202', 'LIMA', 'BARRANCA', 'PARAMONGA'),
('150203', 'LIMA', 'BARRANCA', 'PATIVILCA'),
('150204', 'LIMA', 'BARRANCA', 'SUPE'),
('150205', 'LIMA', 'BARRANCA', 'SUPE PUERTO'),
('150301', 'LIMA', 'CAJATAMBO', 'CAJATAMBO'),
('150302', 'LIMA', 'CAJATAMBO', 'COPA'),
('150303', 'LIMA', 'CAJATAMBO', 'GORGOR'),
('150304', 'LIMA', 'CAJATAMBO', 'HUANCAPON'),
('150305', 'LIMA', 'CAJATAMBO', 'MANAS'),
('150401', 'LIMA', 'CANTA', 'CANTA'),
('150402', 'LIMA', 'CANTA', 'ARAHUAY'),
('150403', 'LIMA', 'CANTA', 'HUAMANTANGA'),
('150404', 'LIMA', 'CANTA', 'HUAROS'),
('150405', 'LIMA', 'CANTA', 'LACHAQUI'),
('150406', 'LIMA', 'CANTA', 'SAN BUENAVENTURA'),
('150407', 'LIMA', 'CANTA', 'SANTA ROSA DE QUIVES'),
('150501', 'LIMA', 'CAÑETE', 'SAN VICENTE DE CAÑETE'),
('150502', 'LIMA', 'CAÑETE', 'ASIA'),
('150503', 'LIMA', 'CAÑETE', 'CALANGO'),
('150504', 'LIMA', 'CAÑETE', 'CERRO AZUL'),
('150505', 'LIMA', 'CAÑETE', 'CHILCA'),
('150506', 'LIMA', 'CAÑETE', 'COAYLLO'),
('150507', 'LIMA', 'CAÑETE', 'IMPERIAL'),
('150508', 'LIMA', 'CAÑETE', 'LUNAHUANA'),
('150509', 'LIMA', 'CAÑETE', 'MALA'),
('150510', 'LIMA', 'CAÑETE', 'NUEVO IMPERIAL'),
('150511', 'LIMA', 'CAÑETE', 'PACARAN'),
('150512', 'LIMA', 'CAÑETE', 'QUILMANA'),
('150513', 'LIMA', 'CAÑETE', 'SAN ANTONIO'),
('150514', 'LIMA', 'CAÑETE', 'SAN LUIS'),
('150515', 'LIMA', 'CAÑETE', 'SANTA CRUZ DE FLORES'),
('150516', 'LIMA', 'CAÑETE', 'ZUÑIGA'),
('150601', 'LIMA', 'HUARAL', 'HUARAL'),
('150602', 'LIMA', 'HUARAL', 'ATAVILLOS ALTO'),
('150603', 'LIMA', 'HUARAL', 'ATAVILLOS BAJO'),
('150604', 'LIMA', 'HUARAL', 'AUCALLAMA'),
('150605', 'LIMA', 'HUARAL', 'CHANCAY'),
('150606', 'LIMA', 'HUARAL', 'IHUARI'),
('150607', 'LIMA', 'HUARAL', 'LAMPIAN'),
('150608', 'LIMA', 'HUARAL', 'PACARAOS'),
('150609', 'LIMA', 'HUARAL', 'SAN MIGUEL DE ACOS'),
('150610', 'LIMA', 'HUARAL', 'SANTA CRUZ DE ANDAMARCA'),
('150611', 'LIMA', 'HUARAL', 'SUMBILCA'),
('150612', 'LIMA', 'HUARAL', 'VEINTISIETE DE NOVIEMBRE'),
('150701', 'LIMA', 'HUAROCHIRI', 'MATUCANA'),
('150702', 'LIMA', 'HUAROCHIRI', 'ANTIOQUIA'),
('150703', 'LIMA', 'HUAROCHIRI', 'CALLAHUANCA'),
('150704', 'LIMA', 'HUAROCHIRI', 'CARAMPOMA'),
('150705', 'LIMA', 'HUAROCHIRI', 'CHICLA'),
('150706', 'LIMA', 'HUAROCHIRI', 'CUENCA'),
('150707', 'LIMA', 'HUAROCHIRI', 'HUACHUPAMPA'),
('150708', 'LIMA', 'HUAROCHIRI', 'HUANZA'),
('150709', 'LIMA', 'HUAROCHIRI', 'HUAROCHIRI'),
('150710', 'LIMA', 'HUAROCHIRI', 'LAHUAYTAMBO'),
('150711', 'LIMA', 'HUAROCHIRI', 'LANGA'),
('150712', 'LIMA', 'HUAROCHIRI', 'LARAOS'),
('150713', 'LIMA', 'HUAROCHIRI', 'MARIATANA'),
('150714', 'LIMA', 'HUAROCHIRI', 'RICARDO PALMA'),
('150715', 'LIMA', 'HUAROCHIRI', 'SAN ANDRES DE TUPICOCHA'),
('150716', 'LIMA', 'HUAROCHIRI', 'SAN ANTONIO'),
('150717', 'LIMA', 'HUAROCHIRI', 'SAN BARTOLOME'),
('150718', 'LIMA', 'HUAROCHIRI', 'SAN DAMIAN'),
('150719', 'LIMA', 'HUAROCHIRI', 'SAN JUAN DE IRIS'),
('150720', 'LIMA', 'HUAROCHIRI', 'SAN JUAN DE TANTARANCHE'),
('150721', 'LIMA', 'HUAROCHIRI', 'SAN LORENZO DE QUINTI'),
('150722', 'LIMA', 'HUAROCHIRI', 'SAN MATEO'),
('150723', 'LIMA', 'HUAROCHIRI', 'SAN MATEO DE OTAO'),
('150724', 'LIMA', 'HUAROCHIRI', 'SAN PEDRO DE CASTA'),
('150725', 'LIMA', 'HUAROCHIRI', 'SAN PEDRO DE HUANCAYRE'),
('150726', 'LIMA', 'HUAROCHIRI', 'SANGALLAYA'),
('150727', 'LIMA', 'HUAROCHIRI', 'SANTA CRUZ DE COCACHACRA'),
('150728', 'LIMA', 'HUAROCHIRI', 'SANTA EULALIA'),
('150729', 'LIMA', 'HUAROCHIRI', 'SANTIAGO DE ANCHUCAYA'),
('150730', 'LIMA', 'HUAROCHIRI', 'SANTIAGO DE TUNA'),
('150731', 'LIMA', 'HUAROCHIRI', 'SANTO DOMINGO DE LOS OLLEROS'),
('150732', 'LIMA', 'HUAROCHIRI', 'SURCO'),
('150801', 'LIMA', 'HUAURA', 'HUACHO'),
('150802', 'LIMA', 'HUAURA', 'AMBAR'),
('150803', 'LIMA', 'HUAURA', 'CALETA DE CARQUIN'),
('150804', 'LIMA', 'HUAURA', 'CHECRAS'),
('150805', 'LIMA', 'HUAURA', 'HUALMAY'),
('150806', 'LIMA', 'HUAURA', 'HUAURA'),
('150807', 'LIMA', 'HUAURA', 'LEONCIO PRADO'),
('150808', 'LIMA', 'HUAURA', 'PACCHO'),
('150809', 'LIMA', 'HUAURA', 'SANTA LEONOR'),
('150810', 'LIMA', 'HUAURA', 'SANTA MARIA'),
('150811', 'LIMA', 'HUAURA', 'SAYAN'),
('150812', 'LIMA', 'HUAURA', 'VEGUETA'),
('150901', 'LIMA', 'OYON', 'OYON'),
('150902', 'LIMA', 'OYON', 'ANDAJES'),
('150903', 'LIMA', 'OYON', 'CAUJUL'),
('150904', 'LIMA', 'OYON', 'COCHAMARCA'),
('150905', 'LIMA', 'OYON', 'NAVAN'),
('150906', 'LIMA', 'OYON', 'PACHANGARA'),
('151001', 'LIMA', 'YAUYOS', 'YAUYOS'),
('151002', 'LIMA', 'YAUYOS', 'ALIS'),
('151003', 'LIMA', 'YAUYOS', 'ALLAUCA'),
('151004', 'LIMA', 'YAUYOS', 'AYAVIRI'),
('151005', 'LIMA', 'YAUYOS', 'AZANGARO'),
('151006', 'LIMA', 'YAUYOS', 'CACRA'),
('151007', 'LIMA', 'YAUYOS', 'CARANIA'),
('151008', 'LIMA', 'YAUYOS', 'CATAHUASI'),
('151009', 'LIMA', 'YAUYOS', 'CHOCOS'),
('151010', 'LIMA', 'YAUYOS', 'COCHAS'),
('151011', 'LIMA', 'YAUYOS', 'COLONIA'),
('151012', 'LIMA', 'YAUYOS', 'HONGOS'),
('151013', 'LIMA', 'YAUYOS', 'HUAMPARA'),
('151014', 'LIMA', 'YAUYOS', 'HUANCAYA'),
('151015', 'LIMA', 'YAUYOS', 'HUANGASCAR'),
('151016', 'LIMA', 'YAUYOS', 'HUANTAN'),
('151017', 'LIMA', 'YAUYOS', 'HUAÑEC'),
('151018', 'LIMA', 'YAUYOS', 'LARAOS'),
('151019', 'LIMA', 'YAUYOS', 'LINCHA'),
('151020', 'LIMA', 'YAUYOS', 'MADEAN'),
('151021', 'LIMA', 'YAUYOS', 'MIRAFLORES'),
('151022', 'LIMA', 'YAUYOS', 'OMAS'),
('151023', 'LIMA', 'YAUYOS', 'PUTINZA'),
('151024', 'LIMA', 'YAUYOS', 'QUINCHES'),
('151025', 'LIMA', 'YAUYOS', 'QUINOCAY'),
('151026', 'LIMA', 'YAUYOS', 'SAN JOAQUIN'),
('151027', 'LIMA', 'YAUYOS', 'SAN PEDRO DE PILAS'),
('151028', 'LIMA', 'YAUYOS', 'TANTA'),
('151029', 'LIMA', 'YAUYOS', 'TAURIPAMPA'),
('151030', 'LIMA', 'YAUYOS', 'TOMAS'),
('151031', 'LIMA', 'YAUYOS', 'TUPE'),
('151032', 'LIMA', 'YAUYOS', 'VIÑAC'),
('151033', 'LIMA', 'YAUYOS', 'VITIS'),
('160101', 'LORETO', 'MAYNAS', 'IQUITOS'),
('160102', 'LORETO', 'MAYNAS', 'ALTO NANAY'),
('160103', 'LORETO', 'MAYNAS', 'FERNANDO LORES'),
('160104', 'LORETO', 'MAYNAS', 'INDIANA'),
('160105', 'LORETO', 'MAYNAS', 'LAS AMAZONAS'),
('160106', 'LORETO', 'MAYNAS', 'MAZAN'),
('160107', 'LORETO', 'MAYNAS', 'NAPO'),
('160108', 'LORETO', 'MAYNAS', 'PUNCHANA'),
('160109', 'LORETO', 'MAYNAS', 'PUTUMAYO'),
('160110', 'LORETO', 'MAYNAS', 'TORRES CAUSANA'),
('160112', 'LORETO', 'MAYNAS', 'BELEN'),
('160113', 'LORETO', 'MAYNAS', 'SAN JUAN BAUTISTA'),
('160114', 'LORETO', 'MAYNAS', 'TENIENTE MANUEL CLAVERO'),
('160201', 'LORETO', 'ALTO AMAZONAS', 'YURIMAGUAS'),
('160202', 'LORETO', 'ALTO AMAZONAS', 'BALSAPUERTO'),
('160205', 'LORETO', 'ALTO AMAZONAS', 'JEBEROS'),
('160206', 'LORETO', 'ALTO AMAZONAS', 'LAGUNAS'),
('160210', 'LORETO', 'ALTO AMAZONAS', 'SANTA CRUZ'),
('160211', 'LORETO', 'ALTO AMAZONAS', 'TENIENTE CESAR LOPEZ ROJAS'),
('160301', 'LORETO', 'LORETO', 'NAUTA'),
('160302', 'LORETO', 'LORETO', 'PARINARI'),
('160303', 'LORETO', 'LORETO', 'TIGRE'),
('160304', 'LORETO', 'LORETO', 'TROMPETEROS'),
('160305', 'LORETO', 'LORETO', 'URARINAS'),
('160401', 'LORETO', 'MARISCAL RAMON CASTILLA', 'RAMON CASTILLA'),
('160402', 'LORETO', 'MARISCAL RAMON CASTILLA', 'PEBAS'),
('160403', 'LORETO', 'MARISCAL RAMON CASTILLA', 'YAVARI'),
('160404', 'LORETO', 'MARISCAL RAMON CASTILLA', 'SAN PABLO'),
('160501', 'LORETO', 'REQUENA', 'REQUENA'),
('160502', 'LORETO', 'REQUENA', 'ALTO TAPICHE'),
('160503', 'LORETO', 'REQUENA', 'CAPELO'),
('160504', 'LORETO', 'REQUENA', 'EMILIO SAN MARTIN'),
('160505', 'LORETO', 'REQUENA', 'MAQUIA'),
('160506', 'LORETO', 'REQUENA', 'PUINAHUA'),
('160507', 'LORETO', 'REQUENA', 'SAQUENA'),
('160508', 'LORETO', 'REQUENA', 'SOPLIN'),
('160509', 'LORETO', 'REQUENA', 'TAPICHE'),
('160510', 'LORETO', 'REQUENA', 'JENARO HERRERA'),
('160511', 'LORETO', 'REQUENA', 'YAQUERANA'),
('160601', 'LORETO', 'UCAYALI', 'CONTAMANA'),
('160602', 'LORETO', 'UCAYALI', 'INAHUAYA'),
('160603', 'LORETO', 'UCAYALI', 'PADRE MARQUEZ'),
('160604', 'LORETO', 'UCAYALI', 'PAMPA HERMOSA'),
('160605', 'LORETO', 'UCAYALI', 'SARAYACU'),
('160606', 'LORETO', 'UCAYALI', 'VARGAS GUERRA'),
('160701', 'LORETO', 'DATEM DEL MARAÑON', 'BARRANCA'),
('160702', 'LORETO', 'DATEM DEL MARAÑON', 'CAHUAPANAS'),
('160703', 'LORETO', 'DATEM DEL MARAÑON', 'MANSERICHE'),
('160704', 'LORETO', 'DATEM DEL MARAÑON', 'MORONA'),
('160705', 'LORETO', 'DATEM DEL MARAÑON', 'PASTAZA'),
('160706', 'LORETO', 'DATEM DEL MARAÑON', 'ANDOAS'),
('170101', 'MADRE DE DIOS', 'TAMBOPATA', 'TAMBOPATA'),
('170102', 'MADRE DE DIOS', 'TAMBOPATA', 'INAMBARI'),
('170103', 'MADRE DE DIOS', 'TAMBOPATA', 'LAS PIEDRAS'),
('170104', 'MADRE DE DIOS', 'TAMBOPATA', 'LABERINTO'),
('170201', 'MADRE DE DIOS', 'MANU', 'MANU'),
('170202', 'MADRE DE DIOS', 'MANU', 'FITZCARRALD'),
('170203', 'MADRE DE DIOS', 'MANU', 'MADRE DE DIOS'),
('170204', 'MADRE DE DIOS', 'MANU', 'HUEPETUHE'),
('170301', 'MADRE DE DIOS', 'TAHUAMANU', 'IÑAPARI'),
('170302', 'MADRE DE DIOS', 'TAHUAMANU', 'IBERIA'),
('170303', 'MADRE DE DIOS', 'TAHUAMANU', 'TAHUAMANU'),
('180101', 'MOQUEGUA', 'MARISCAL NIETO', 'MOQUEGUA'),
('180102', 'MOQUEGUA', 'MARISCAL NIETO', 'CARUMAS'),
('180103', 'MOQUEGUA', 'MARISCAL NIETO', 'CUCHUMBAYA'),
('180104', 'MOQUEGUA', 'MARISCAL NIETO', 'SAMEGUA'),
('180105', 'MOQUEGUA', 'MARISCAL NIETO', 'SAN CRISTOBAL'),
('180106', 'MOQUEGUA', 'MARISCAL NIETO', 'TORATA'),
('180201', 'MOQUEGUA', 'GENERAL SANCHEZ CERRO', 'OMATE'),
('180202', 'MOQUEGUA', 'GENERAL SANCHEZ CERRO', 'CHOJATA'),
('180203', 'MOQUEGUA', 'GENERAL SANCHEZ CERRO', 'COALAQUE'),
('180204', 'MOQUEGUA', 'GENERAL SANCHEZ CERRO', 'ICHUÑA'),
('180205', 'MOQUEGUA', 'GENERAL SANCHEZ CERRO', 'LA CAPILLA'),
('180206', 'MOQUEGUA', 'GENERAL SANCHEZ CERRO', 'LLOQUE'),
('180207', 'MOQUEGUA', 'GENERAL SANCHEZ CERRO', 'MATALAQUE'),
('180208', 'MOQUEGUA', 'GENERAL SANCHEZ CERRO', 'PUQUINA'),
('180209', 'MOQUEGUA', 'GENERAL SANCHEZ CERRO', 'QUINISTAQUILLAS'),
('180210', 'MOQUEGUA', 'GENERAL SANCHEZ CERRO', 'UBINAS'),
('180211', 'MOQUEGUA', 'GENERAL SANCHEZ CERRO', 'YUNGA'),
('180301', 'MOQUEGUA', 'ILO', 'ILO'),
('180302', 'MOQUEGUA', 'ILO', 'EL ALGARROBAL'),
('180303', 'MOQUEGUA', 'ILO', 'PACOCHA'),
('190101', 'PASCO', 'PASCO', 'CHAUPIMARCA'),
('190102', 'PASCO', 'PASCO', 'HUACHON'),
('190103', 'PASCO', 'PASCO', 'HUARIACA'),
('190104', 'PASCO', 'PASCO', 'HUAYLLAY'),
('190105', 'PASCO', 'PASCO', 'NINACACA'),
('190106', 'PASCO', 'PASCO', 'PALLANCHACRA'),
('190107', 'PASCO', 'PASCO', 'PAUCARTAMBO'),
('190108', 'PASCO', 'PASCO', 'SAN FRANCISCO DE ASIS DE YARUSYACAN'),
('190109', 'PASCO', 'PASCO', 'SIMON BOLIVAR'),
('190110', 'PASCO', 'PASCO', 'TICLACAYAN'),
('190111', 'PASCO', 'PASCO', 'TINYAHUARCO'),
('190112', 'PASCO', 'PASCO', 'VICCO'),
('190113', 'PASCO', 'PASCO', 'YANACANCHA'),
('190201', 'PASCO', 'DANIEL ALCIDES CARRION', 'YANAHUANCA'),
('190202', 'PASCO', 'DANIEL ALCIDES CARRION', 'CHACAYAN'),
('190203', 'PASCO', 'DANIEL ALCIDES CARRION', 'GOYLLARISQUIZGA'),
('190204', 'PASCO', 'DANIEL ALCIDES CARRION', 'PAUCAR'),
('190205', 'PASCO', 'DANIEL ALCIDES CARRION', 'SAN PEDRO DE PILLAO'),
('190206', 'PASCO', 'DANIEL ALCIDES CARRION', 'SANTA ANA DE TUSI'),
('190207', 'PASCO', 'DANIEL ALCIDES CARRION', 'TAPUC'),
('190208', 'PASCO', 'DANIEL ALCIDES CARRION', 'VILCABAMBA'),
('190301', 'PASCO', 'OXAPAMPA', 'OXAPAMPA'),
('190302', 'PASCO', 'OXAPAMPA', 'CHONTABAMBA'),
('190303', 'PASCO', 'OXAPAMPA', 'HUANCABAMBA'),
('190304', 'PASCO', 'OXAPAMPA', 'PALCAZU'),
('190305', 'PASCO', 'OXAPAMPA', 'POZUZO'),
('190306', 'PASCO', 'OXAPAMPA', 'PUERTO BERMUDEZ'),
('190307', 'PASCO', 'OXAPAMPA', 'VILLA RICA'),
('190308', 'PASCO', 'OXAPAMPA', 'CONSTITUCIËN'),
('200101', 'PIURA', 'PIURA', 'PIURA'),
('200104', 'PIURA', 'PIURA', 'CASTILLA'),
('200105', 'PIURA', 'PIURA', 'CATACAOS'),
('200107', 'PIURA', 'PIURA', 'CURA MORI'),
('200108', 'PIURA', 'PIURA', 'EL TALLAN'),
('200109', 'PIURA', 'PIURA', 'LA ARENA'),
('200110', 'PIURA', 'PIURA', 'LA UNION'),
('200111', 'PIURA', 'PIURA', 'LAS LOMAS'),
('200114', 'PIURA', 'PIURA', 'TAMBO GRANDE'),
('200115', 'PIURA', 'PIURA', 'VEINTISEIS DE OCTUBRE'),
('200201', 'PIURA', 'AYABACA', 'AYABACA'),
('200202', 'PIURA', 'AYABACA', 'FRIAS'),
('200203', 'PIURA', 'AYABACA', 'JILILI'),
('200204', 'PIURA', 'AYABACA', 'LAGUNAS'),
('200205', 'PIURA', 'AYABACA', 'MONTERO'),
('200206', 'PIURA', 'AYABACA', 'PACAIPAMPA'),
('200207', 'PIURA', 'AYABACA', 'PAIMAS'),
('200208', 'PIURA', 'AYABACA', 'SAPILLICA'),
('200209', 'PIURA', 'AYABACA', 'SICCHEZ'),
('200210', 'PIURA', 'AYABACA', 'SUYO'),
('200301', 'PIURA', 'HUANCABAMBA', 'HUANCABAMBA'),
('200302', 'PIURA', 'HUANCABAMBA', 'CANCHAQUE'),
('200303', 'PIURA', 'HUANCABAMBA', 'EL CARMEN DE LA FRONTERA'),
('200304', 'PIURA', 'HUANCABAMBA', 'HUARMACA'),
('200305', 'PIURA', 'HUANCABAMBA', 'LALAQUIZ'),
('200306', 'PIURA', 'HUANCABAMBA', 'SAN MIGUEL DE EL FAIQUE'),
('200307', 'PIURA', 'HUANCABAMBA', 'SONDOR'),
('200308', 'PIURA', 'HUANCABAMBA', 'SONDORILLO'),
('200401', 'PIURA', 'MORROPON', 'CHULUCANAS'),
('200402', 'PIURA', 'MORROPON', 'BUENOS AIRES'),
('200403', 'PIURA', 'MORROPON', 'CHALACO'),
('200404', 'PIURA', 'MORROPON', 'LA MATANZA'),
('200405', 'PIURA', 'MORROPON', 'MORROPON'),
('200406', 'PIURA', 'MORROPON', 'SALITRAL'),
('200407', 'PIURA', 'MORROPON', 'SAN JUAN DE BIGOTE'),
('200408', 'PIURA', 'MORROPON', 'SANTA CATALINA DE MOSSA'),
('200409', 'PIURA', 'MORROPON', 'SANTO DOMINGO'),
('200410', 'PIURA', 'MORROPON', 'YAMANGO'),
('200501', 'PIURA', 'PAITA', 'PAITA'),
('200502', 'PIURA', 'PAITA', 'AMOTAPE'),
('200503', 'PIURA', 'PAITA', 'ARENAL'),
('200504', 'PIURA', 'PAITA', 'COLAN'),
('200505', 'PIURA', 'PAITA', 'LA HUACA'),
('200506', 'PIURA', 'PAITA', 'TAMARINDO'),
('200507', 'PIURA', 'PAITA', 'VICHAYAL'),
('200601', 'PIURA', 'SULLANA', 'SULLANA'),
('200602', 'PIURA', 'SULLANA', 'BELLAVISTA'),
('200603', 'PIURA', 'SULLANA', 'IGNACIO ESCUDERO'),
('200604', 'PIURA', 'SULLANA', 'LANCONES'),
('200605', 'PIURA', 'SULLANA', 'MARCAVELICA'),
('200606', 'PIURA', 'SULLANA', 'MIGUEL CHECA'),
('200607', 'PIURA', 'SULLANA', 'QUERECOTILLO'),
('200608', 'PIURA', 'SULLANA', 'SALITRAL'),
('200701', 'PIURA', 'TALARA', 'PARIÑAS'),
('200702', 'PIURA', 'TALARA', 'EL ALTO'),
('200703', 'PIURA', 'TALARA', 'LA BREA'),
('200704', 'PIURA', 'TALARA', 'LOBITOS'),
('200705', 'PIURA', 'TALARA', 'LOS ORGANOS'),
('200706', 'PIURA', 'TALARA', 'MANCORA'),
('200801', 'PIURA', 'SECHURA', 'SECHURA'),
('200802', 'PIURA', 'SECHURA', 'BELLAVISTA DE LA UNION'),
('200803', 'PIURA', 'SECHURA', 'BERNAL'),
('200804', 'PIURA', 'SECHURA', 'CRISTO NOS VALGA'),
('200805', 'PIURA', 'SECHURA', 'VICE'),
('200806', 'PIURA', 'SECHURA', 'RINCONADA LLICUAR'),
('210101', 'PUNO', 'PUNO', 'PUNO'),
('210102', 'PUNO', 'PUNO', 'ACORA'),
('210103', 'PUNO', 'PUNO', 'AMANTANI'),
('210104', 'PUNO', 'PUNO', 'ATUNCOLLA'),
('210105', 'PUNO', 'PUNO', 'CAPACHICA'),
('210106', 'PUNO', 'PUNO', 'CHUCUITO'),
('210107', 'PUNO', 'PUNO', 'COATA'),
('210108', 'PUNO', 'PUNO', 'HUATA'),
('210109', 'PUNO', 'PUNO', 'MAÑAZO'),
('210110', 'PUNO', 'PUNO', 'PAUCARCOLLA'),
('210111', 'PUNO', 'PUNO', 'PICHACANI'),
('210112', 'PUNO', 'PUNO', 'PLATERIA'),
('210113', 'PUNO', 'PUNO', 'SAN ANTONIO'),
('210114', 'PUNO', 'PUNO', 'TIQUILLACA'),
('210115', 'PUNO', 'PUNO', 'VILQUE'),
('210201', 'PUNO', 'AZANGARO', 'AZANGARO'),
('210202', 'PUNO', 'AZANGARO', 'ACHAYA'),
('210203', 'PUNO', 'AZANGARO', 'ARAPA'),
('210204', 'PUNO', 'AZANGARO', 'ASILLO'),
('210205', 'PUNO', 'AZANGARO', 'CAMINACA'),
('210206', 'PUNO', 'AZANGARO', 'CHUPA'),
('210207', 'PUNO', 'AZANGARO', 'JOSE DOMINGO CHOQUEHUANCA'),
('210208', 'PUNO', 'AZANGARO', 'MUÑANI'),
('210209', 'PUNO', 'AZANGARO', 'POTONI'),
('210210', 'PUNO', 'AZANGARO', 'SAMAN'),
('210211', 'PUNO', 'AZANGARO', 'SAN ANTON'),
('210212', 'PUNO', 'AZANGARO', 'SAN JOSE'),
('210213', 'PUNO', 'AZANGARO', 'SAN JUAN DE SALINAS'),
('210214', 'PUNO', 'AZANGARO', 'SANTIAGO DE PUPUJA'),
('210215', 'PUNO', 'AZANGARO', 'TIRAPATA'),
('210301', 'PUNO', 'CARABAYA', 'MACUSANI'),
('210302', 'PUNO', 'CARABAYA', 'AJOYANI'),
('210303', 'PUNO', 'CARABAYA', 'AYAPATA'),
('210304', 'PUNO', 'CARABAYA', 'COASA'),
('210305', 'PUNO', 'CARABAYA', 'CORANI'),
('210306', 'PUNO', 'CARABAYA', 'CRUCERO'),
('210307', 'PUNO', 'CARABAYA', 'ITUATA'),
('210308', 'PUNO', 'CARABAYA', 'OLLACHEA'),
('210309', 'PUNO', 'CARABAYA', 'SAN GABAN'),
('210310', 'PUNO', 'CARABAYA', 'USICAYOS'),
('210401', 'PUNO', 'CHUCUITO', 'JULI'),
('210402', 'PUNO', 'CHUCUITO', 'DESAGUADERO'),
('210403', 'PUNO', 'CHUCUITO', 'HUACULLANI'),
('210404', 'PUNO', 'CHUCUITO', 'KELLUYO'),
('210405', 'PUNO', 'CHUCUITO', 'PISACOMA'),
('210406', 'PUNO', 'CHUCUITO', 'POMATA'),
('210407', 'PUNO', 'CHUCUITO', 'ZEPITA'),
('210501', 'PUNO', 'EL COLLAO', 'ILAVE'),
('210502', 'PUNO', 'EL COLLAO', 'CAPAZO'),
('210503', 'PUNO', 'EL COLLAO', 'PILCUYO'),
('210504', 'PUNO', 'EL COLLAO', 'SANTA ROSA'),
('210505', 'PUNO', 'EL COLLAO', 'CONDURIRI'),
('210601', 'PUNO', 'HUANCANE', 'HUANCANE'),
('210602', 'PUNO', 'HUANCANE', 'COJATA'),
('210603', 'PUNO', 'HUANCANE', 'HUATASANI'),
('210604', 'PUNO', 'HUANCANE', 'INCHUPALLA'),
('210605', 'PUNO', 'HUANCANE', 'PUSI'),
('210606', 'PUNO', 'HUANCANE', 'ROSASPATA'),
('210607', 'PUNO', 'HUANCANE', 'TARACO'),
('210608', 'PUNO', 'HUANCANE', 'VILQUE CHICO'),
('210701', 'PUNO', 'LAMPA', 'LAMPA'),
('210702', 'PUNO', 'LAMPA', 'CABANILLA'),
('210703', 'PUNO', 'LAMPA', 'CALAPUJA'),
('210704', 'PUNO', 'LAMPA', 'NICASIO'),
('210705', 'PUNO', 'LAMPA', 'OCUVIRI'),
('210706', 'PUNO', 'LAMPA', 'PALCA'),
('210707', 'PUNO', 'LAMPA', 'PARATIA'),
('210708', 'PUNO', 'LAMPA', 'PUCARA'),
('210709', 'PUNO', 'LAMPA', 'SANTA LUCIA'),
('210710', 'PUNO', 'LAMPA', 'VILAVILA'),
('210801', 'PUNO', 'MELGAR', 'AYAVIRI'),
('210802', 'PUNO', 'MELGAR', 'ANTAUTA'),
('210803', 'PUNO', 'MELGAR', 'CUPI'),
('210804', 'PUNO', 'MELGAR', 'LLALLI'),
('210805', 'PUNO', 'MELGAR', 'MACARI'),
('210806', 'PUNO', 'MELGAR', 'NUÑOA'),
('210807', 'PUNO', 'MELGAR', 'ORURILLO'),
('210808', 'PUNO', 'MELGAR', 'SANTA ROSA'),
('210809', 'PUNO', 'MELGAR', 'UMACHIRI'),
('210901', 'PUNO', 'MOHO', 'MOHO'),
('210902', 'PUNO', 'MOHO', 'CONIMA'),
('210903', 'PUNO', 'MOHO', 'HUAYRAPATA'),
('210904', 'PUNO', 'MOHO', 'TILALI'),
('211001', 'PUNO', 'SAN ANTONIO DE PUTINA', 'PUTINA'),
('211002', 'PUNO', 'SAN ANTONIO DE PUTINA', 'ANANEA'),
('211003', 'PUNO', 'SAN ANTONIO DE PUTINA', 'PEDRO VILCA APAZA'),
('211004', 'PUNO', 'SAN ANTONIO DE PUTINA', 'QUILCAPUNCU'),
('211005', 'PUNO', 'SAN ANTONIO DE PUTINA', 'SINA'),
('211101', 'PUNO', 'SAN ROMAN', 'JULIACA'),
('211102', 'PUNO', 'SAN ROMAN', 'CABANA'),
('211103', 'PUNO', 'SAN ROMAN', 'CABANILLAS'),
('211104', 'PUNO', 'SAN ROMAN', 'CARACOTO'),
('211201', 'PUNO', 'SANDIA', 'SANDIA'),
('211202', 'PUNO', 'SANDIA', 'CUYOCUYO'),
('211203', 'PUNO', 'SANDIA', 'LIMBANI'),
('211204', 'PUNO', 'SANDIA', 'PATAMBUCO'),
('211205', 'PUNO', 'SANDIA', 'PHARA'),
('211206', 'PUNO', 'SANDIA', 'QUIACA'),
('211207', 'PUNO', 'SANDIA', 'SAN JUAN DEL ORO'),
('211208', 'PUNO', 'SANDIA', 'YANAHUAYA'),
('211209', 'PUNO', 'SANDIA', 'ALTO INAMBARI'),
('211210', 'PUNO', 'SANDIA', 'SAN PEDRO DE PUTINA PUNCO'),
('211301', 'PUNO', 'YUNGUYO', 'YUNGUYO'),
('211302', 'PUNO', 'YUNGUYO', 'ANAPIA'),
('211303', 'PUNO', 'YUNGUYO', 'COPANI'),
('211304', 'PUNO', 'YUNGUYO', 'CUTURAPI'),
('211305', 'PUNO', 'YUNGUYO', 'OLLARAYA'),
('211306', 'PUNO', 'YUNGUYO', 'TINICACHI'),
('211307', 'PUNO', 'YUNGUYO', 'UNICACHI'),
('220101', 'SAN MARTIN', 'MOYOBAMBA', 'MOYOBAMBA'),
('220102', 'SAN MARTIN', 'MOYOBAMBA', 'CALZADA'),
('220103', 'SAN MARTIN', 'MOYOBAMBA', 'HABANA'),
('220104', 'SAN MARTIN', 'MOYOBAMBA', 'JEPELACIO'),
('220105', 'SAN MARTIN', 'MOYOBAMBA', 'SORITOR'),
('220106', 'SAN MARTIN', 'MOYOBAMBA', 'YANTALO'),
('220201', 'SAN MARTIN', 'BELLAVISTA', 'BELLAVISTA'),
('220202', 'SAN MARTIN', 'BELLAVISTA', 'ALTO BIAVO'),
('220203', 'SAN MARTIN', 'BELLAVISTA', 'BAJO BIAVO'),
('220204', 'SAN MARTIN', 'BELLAVISTA', 'HUALLAGA'),
('220205', 'SAN MARTIN', 'BELLAVISTA', 'SAN PABLO'),
('220206', 'SAN MARTIN', 'BELLAVISTA', 'SAN RAFAEL'),
('220301', 'SAN MARTIN', 'EL DORADO', 'SAN JOSE DE SISA'),
('220302', 'SAN MARTIN', 'EL DORADO', 'AGUA BLANCA'),
('220303', 'SAN MARTIN', 'EL DORADO', 'SAN MARTIN'),
('220304', 'SAN MARTIN', 'EL DORADO', 'SANTA ROSA'),
('220305', 'SAN MARTIN', 'EL DORADO', 'SHATOJA'),
('220401', 'SAN MARTIN', 'HUALLAGA', 'SAPOSOA'),
('220402', 'SAN MARTIN', 'HUALLAGA', 'ALTO SAPOSOA'),
('220403', 'SAN MARTIN', 'HUALLAGA', 'EL ESLABON'),
('220404', 'SAN MARTIN', 'HUALLAGA', 'PISCOYACU'),
('220405', 'SAN MARTIN', 'HUALLAGA', 'SACANCHE'),
('220406', 'SAN MARTIN', 'HUALLAGA', 'TINGO DE SAPOSOA'),
('220501', 'SAN MARTIN', 'LAMAS', 'LAMAS'),
('220502', 'SAN MARTIN', 'LAMAS', 'ALONSO DE ALVARADO'),
('220503', 'SAN MARTIN', 'LAMAS', 'BARRANQUITA'),
('220504', 'SAN MARTIN', 'LAMAS', 'CAYNARACHI'),
('220505', 'SAN MARTIN', 'LAMAS', 'CUÑUMBUQUI'),
('220506', 'SAN MARTIN', 'LAMAS', 'PINTO RECODO'),
('220507', 'SAN MARTIN', 'LAMAS', 'RUMISAPA'),
('220508', 'SAN MARTIN', 'LAMAS', 'SAN ROQUE DE CUMBAZA'),
('220509', 'SAN MARTIN', 'LAMAS', 'SHANAO'),
('220510', 'SAN MARTIN', 'LAMAS', 'TABALOSOS'),
('220511', 'SAN MARTIN', 'LAMAS', 'ZAPATERO'),
('220601', 'SAN MARTIN', 'MARISCAL CACERES', 'JUANJUI'),
('220602', 'SAN MARTIN', 'MARISCAL CACERES', 'CAMPANILLA'),
('220603', 'SAN MARTIN', 'MARISCAL CACERES', 'HUICUNGO'),
('220604', 'SAN MARTIN', 'MARISCAL CACERES', 'PACHIZA'),
('220605', 'SAN MARTIN', 'MARISCAL CACERES', 'PAJARILLO'),
('220701', 'SAN MARTIN', 'PICOTA', 'PICOTA'),
('220702', 'SAN MARTIN', 'PICOTA', 'BUENOS AIRES'),
('220703', 'SAN MARTIN', 'PICOTA', 'CASPISAPA'),
('220704', 'SAN MARTIN', 'PICOTA', 'PILLUANA'),
('220705', 'SAN MARTIN', 'PICOTA', 'PUCACACA'),
('220706', 'SAN MARTIN', 'PICOTA', 'SAN CRISTOBAL'),
('220707', 'SAN MARTIN', 'PICOTA', 'SAN HILARION'),
('220708', 'SAN MARTIN', 'PICOTA', 'SHAMBOYACU'),
('220709', 'SAN MARTIN', 'PICOTA', 'TINGO DE PONASA'),
('220710', 'SAN MARTIN', 'PICOTA', 'TRES UNIDOS'),
('220801', 'SAN MARTIN', 'RIOJA', 'RIOJA'),
('220802', 'SAN MARTIN', 'RIOJA', 'AWAJUN'),
('220803', 'SAN MARTIN', 'RIOJA', 'ELIAS SOPLIN VARGAS'),
('220804', 'SAN MARTIN', 'RIOJA', 'NUEVA CAJAMARCA'),
('220805', 'SAN MARTIN', 'RIOJA', 'PARDO MIGUEL'),
('220806', 'SAN MARTIN', 'RIOJA', 'POSIC'),
('220807', 'SAN MARTIN', 'RIOJA', 'SAN FERNANDO'),
('220808', 'SAN MARTIN', 'RIOJA', 'YORONGOS'),
('220809', 'SAN MARTIN', 'RIOJA', 'YURACYACU'),
('220901', 'SAN MARTIN', 'SAN MARTIN', 'TARAPOTO'),
('220902', 'SAN MARTIN', 'SAN MARTIN', 'ALBERTO LEVEAU'),
('220903', 'SAN MARTIN', 'SAN MARTIN', 'CACATACHI'),
('220904', 'SAN MARTIN', 'SAN MARTIN', 'CHAZUTA'),
('220905', 'SAN MARTIN', 'SAN MARTIN', 'CHIPURANA'),
('220906', 'SAN MARTIN', 'SAN MARTIN', 'EL PORVENIR'),
('220907', 'SAN MARTIN', 'SAN MARTIN', 'HUIMBAYOC'),
('220908', 'SAN MARTIN', 'SAN MARTIN', 'JUAN GUERRA'),
('220909', 'SAN MARTIN', 'SAN MARTIN', 'LA BANDA DE SHILCAYO'),
('220910', 'SAN MARTIN', 'SAN MARTIN', 'MORALES'),
('220911', 'SAN MARTIN', 'SAN MARTIN', 'PAPAPLAYA'),
('220912', 'SAN MARTIN', 'SAN MARTIN', 'SAN ANTONIO'),
('220913', 'SAN MARTIN', 'SAN MARTIN', 'SAUCE'),
('220914', 'SAN MARTIN', 'SAN MARTIN', 'SHAPAJA'),
('221001', 'SAN MARTIN', 'TOCACHE', 'TOCACHE'),
('221002', 'SAN MARTIN', 'TOCACHE', 'NUEVO PROGRESO'),
('221003', 'SAN MARTIN', 'TOCACHE', 'POLVORA'),
('221004', 'SAN MARTIN', 'TOCACHE', 'SHUNTE'),
('221005', 'SAN MARTIN', 'TOCACHE', 'UCHIZA'),
('230101', 'TACNA', 'TACNA', 'TACNA'),
('230102', 'TACNA', 'TACNA', 'ALTO DE LA ALIANZA'),
('230103', 'TACNA', 'TACNA', 'CALANA'),
('230104', 'TACNA', 'TACNA', 'CIUDAD NUEVA'),
('230105', 'TACNA', 'TACNA', 'INCLAN'),
('230106', 'TACNA', 'TACNA', 'PACHIA'),
('230107', 'TACNA', 'TACNA', 'PALCA'),
('230108', 'TACNA', 'TACNA', 'POCOLLAY'),
('230109', 'TACNA', 'TACNA', 'SAMA'),
('230110', 'TACNA', 'TACNA', 'CORONEL GREGORIO ALBARRACIN LANCHIPA'),
('230201', 'TACNA', 'CANDARAVE', 'CANDARAVE'),
('230202', 'TACNA', 'CANDARAVE', 'CAIRANI'),
('230203', 'TACNA', 'CANDARAVE', 'CAMILACA'),
('230204', 'TACNA', 'CANDARAVE', 'CURIBAYA'),
('230205', 'TACNA', 'CANDARAVE', 'HUANUARA'),
('230206', 'TACNA', 'CANDARAVE', 'QUILAHUANI'),
('230301', 'TACNA', 'JORGE BASADRE', 'LOCUMBA'),
('230302', 'TACNA', 'JORGE BASADRE', 'ILABAYA'),
('230303', 'TACNA', 'JORGE BASADRE', 'ITE'),
('230401', 'TACNA', 'TARATA', 'TARATA'),
('230402', 'TACNA', 'TARATA', 'HEROES ALBARRACIN'),
('230403', 'TACNA', 'TARATA', 'ESTIQUE'),
('230404', 'TACNA', 'TARATA', 'ESTIQUE-PAMPA'),
('230405', 'TACNA', 'TARATA', 'SITAJARA'),
('230406', 'TACNA', 'TARATA', 'SUSAPAYA'),
('230407', 'TACNA', 'TARATA', 'TARUCACHI'),
('230408', 'TACNA', 'TARATA', 'TICACO'),
('240101', 'TUMBES', 'TUMBES', 'TUMBES'),
('240102', 'TUMBES', 'TUMBES', 'CORRALES'),
('240103', 'TUMBES', 'TUMBES', 'LA CRUZ'),
('240104', 'TUMBES', 'TUMBES', 'PAMPAS DE HOSPITAL'),
('240105', 'TUMBES', 'TUMBES', 'SAN JACINTO'),
('240106', 'TUMBES', 'TUMBES', 'SAN JUAN DE LA VIRGEN'),
('240201', 'TUMBES', 'CONTRALMIRANTE VILLAR', 'ZORRITOS'),
('240202', 'TUMBES', 'CONTRALMIRANTE VILLAR', 'CASITAS'),
('240203', 'TUMBES', 'CONTRALMIRANTE VILLAR', 'CANOAS DE PUNTA SAL'),
('240301', 'TUMBES', 'ZARUMILLA', 'ZARUMILLA'),
('240302', 'TUMBES', 'ZARUMILLA', 'AGUAS VERDES'),
('240303', 'TUMBES', 'ZARUMILLA', 'MATAPALO'),
('240304', 'TUMBES', 'ZARUMILLA', 'PAPAYAL'),
('250101', 'UCAYALI', 'CORONEL PORTILLO', 'CALLERIA'),
('250102', 'UCAYALI', 'CORONEL PORTILLO', 'CAMPOVERDE'),
('250103', 'UCAYALI', 'CORONEL PORTILLO', 'IPARIA'),
('250104', 'UCAYALI', 'CORONEL PORTILLO', 'MASISEA'),
('250105', 'UCAYALI', 'CORONEL PORTILLO', 'YARINACOCHA'),
('250106', 'UCAYALI', 'CORONEL PORTILLO', 'NUEVA REQUENA'),
('250107', 'UCAYALI', 'CORONEL PORTILLO', 'MANANTAY'),
('250201', 'UCAYALI', 'ATALAYA', 'RAYMONDI'),
('250202', 'UCAYALI', 'ATALAYA', 'SEPAHUA'),
('250203', 'UCAYALI', 'ATALAYA', 'TAHUANIA'),
('250204', 'UCAYALI', 'ATALAYA', 'YURUA'),
('250301', 'UCAYALI', 'PADRE ABAD', 'PADRE ABAD'),
('250302', 'UCAYALI', 'PADRE ABAD', 'IRAZOLA'),
('250303', 'UCAYALI', 'PADRE ABAD', 'CURIMANA'),
('250401', 'UCAYALI', 'PURUS', 'PURUS');

CREATE TABLE sesiones( 
  id VARCHAR (40) NOT NULL, 
  ip_address VARCHAR (45) NOT NULL, 
  timestamp INT (10) NOT NULL DEFAULT '0', 
  last_access DATETIME DEFAULT CURRENT_TIMESTAMP,
  value varchar(128) NULL,
  data BLOB NOT NULL,
  PRIMARY KEY (id));

CREATE TABLE perfiles(
  id INTEGER NOT NULL PRIMARY KEY AUTO_INCREMENT, 
  cargo VARCHAR(20) NOT NULL,
  decripcion VARCHAR(100),
  created_at DATETIME DEFAULT CURRENT_TIMESTAMP, 
  updated_at DATETIME DEFAULT NULL);
INSERT INTO perfiles(cargo) VALUES('ADMINISTRADOR');
INSERT INTO perfiles(cargo) VALUES('ANALISTA');
INSERT INTO perfiles(cargo) VALUES('JEFE DE PROYECTO');
INSERT INTO perfiles(cargo) VALUES('METODOLOGO');
INSERT INTO perfiles(cargo) VALUES('SUPERVISOR');
INSERT INTO perfiles(cargo) VALUES('DIGITADOR');
INSERT INTO perfiles(cargo) VALUES('ENCUESTADOR');
INSERT INTO perfiles(cargo) VALUES('VISITANTE');
  
CREATE TABLE usuarios(
  id INTEGER NOT NULL PRIMARY KEY AUTO_INCREMENT, 
  nombres VARCHAR(25) NOT NULL, 
  apellidos VARCHAR(25), 
  cargo INTEGER(1) DEFAULT '7' REFERENCES perfiles(id), 
  usuario VARCHAR(11) NOT NULL, 
  contrasenya VARCHAR(100),
  salt  VARCHAR(100) DEFAULT NULL, 
  activo BOOLEAN NOT NULL DEFAULT 1,
  email varchar(128) NULL,
  expiracion bigint(11) NULL,
  imagen VARCHAR(100),
  avatar BLOB DEFAULT NULL,
  created_at DATETIME DEFAULT CURRENT_TIMESTAMP, 
  updated_at DATETIME DEFAULT NULL);
INSERT INTO usuarios(nombres,apellidos,cargo,usuario,contrasenya) VALUES('RONALD','PARIONA',1,'ronald','$2a$08$j1O/re42az.2sezvpCrFGurPXjueQbOlkpfFm2eR9a.DLjP7e6Tvi'),
('KAROL', 'PEREYRA', 3, 'karol', '$2a$08$yl.kKqAX8Cs4yn1KBUrBlulWTUKwm1Rb/al4OrSTksEIYzMgx8tqO'),
('DIANA', 'SUAREZ', 4, 'diana', '$2a$08$yl.kKqAX8Cs4yn1KBUrBlulWTUKwm1Rb/al4OrSTksEIYzMgx8tqO'),
('SUPERVISOR', 'UNO', 5, 'sup1', '$2a$08$yl.kKqAX8Cs4yn1KBUrBlulWTUKwm1Rb/al4OrSTksEIYzMgx8tqO'),
('SUPERVISOR', 'DOS', 5, 'sup2', '$2a$08$yl.kKqAX8Cs4yn1KBUrBlulWTUKwm1Rb/al4OrSTksEIYzMgx8tqO'),
('DIGITADOR', 'UNO', 6, 'dig1', '$2a$08$yl.kKqAX8Cs4yn1KBUrBlulWTUKwm1Rb/al4OrSTksEIYzMgx8tqO'),
('DIGITADOR', 'DOS', 6, 'dig2', '$2a$08$yl.kKqAX8Cs4yn1KBUrBlulWTUKwm1Rb/al4OrSTksEIYzMgx8tqO'),
('ENCUESTADOR', 'UNO', 7, 'enc1', '$2a$08$yl.kKqAX8Cs4yn1KBUrBlulWTUKwm1Rb/al4OrSTksEIYzMgx8tqO'),
('ENCUESTADOR', 'DOS', 7, 'enc2', '$2a$08$yl.kKqAX8Cs4yn1KBUrBlulWTUKwm1Rb/al4OrSTksEIYzMgx8tqO'),
('ENCUESTADOR', 'TRES', 7, 'enc3', '$2a$08$yl.kKqAX8Cs4yn1KBUrBlulWTUKwm1Rb/al4OrSTksEIYzMgx8tqO'),
('ENCUESTADOR', 'CUATRO', 7, 'enc4', '$2a$08$yl.kKqAX8Cs4yn1KBUrBlulWTUKwm1Rb/al4OrSTksEIYzMgx8tqO'),
('ENCUESTADOR', 'CINCO', 7, 'enc5', '$2a$08$yl.kKqAX8Cs4yn1KBUrBlulWTUKwm1Rb/al4OrSTksEIYzMgx8tqO'),
('ENCUESTADOR', 'SEIS', 7, 'enc6', '$2a$08$yl.kKqAX8Cs4yn1KBUrBlulWTUKwm1Rb/al4OrSTksEIYzMgx8tqO'),
('ENCUESTADOR', 'SIETE', 7, 'enc7', '$2a$08$yl.kKqAX8Cs4yn1KBUrBlulWTUKwm1Rb/al4OrSTksEIYzMgx8tqO'),
('ENCUESTADOR', 'OCHO', 7, 'enc8', '$2a$08$yl.kKqAX8Cs4yn1KBUrBlulWTUKwm1Rb/al4OrSTksEIYzMgx8tqO');


CREATE VIEW personal AS 
SELECT u.id, concat_ws(' ',u.nombres,u.apellidos) as datos, u.usuario as alias, p.cargo FROM usuarios u inner join perfiles p on u.cargo=p.id;

CREATE TABLE menus (
  id INTEGER NOT NULL PRIMARY KEY AUTO_INCREMENT, 
  menu varchar(100) NOT NULL,
  controlador varchar(100) NOT NULL,
  accion varchar(100) NOT NULL,
  url varchar(100) NOT NULL,
  orden int(11) NOT NULL,
  created_at DATETIME DEFAULT CURRENT_TIMESTAMP, 
  updated_at DATETIME DEFAULT NULL);

INSERT INTO menus (id, menu, controlador, accion, url, orden) VALUES(1, 'Inicio', 'home', 'index', '', 0);
INSERT INTO menus (id, menu, controlador, accion, url, orden) VALUES(2, 'Menu',  'menu', 'index', '', 1);
INSERT INTO menus (id, menu, controlador, accion, url, orden) VALUES(3, 'Perfil', 'perfil', 'index', '', 2);
INSERT INTO menus (id, menu, controlador, accion, url, orden) VALUES(4, 'Permisos', 'menu_perfil', 'index', '', 3);
INSERT INTO menus (id, menu, controlador, accion, url, orden) VALUES(5, 'Usuarios', 'usuario', 'index', '', 4);
INSERT INTO menus (id, menu, controlador, accion, url, orden) VALUES(6, 'Encuesta a CSC', 'encuestacsc', 'index', '', 5);
INSERT INTO menus (id, menu, controlador, accion, url, orden) VALUES(7, 'Encuesta a CCF', 'encuestaccf', 'index', '', 6);

CREATE TABLE menu_perfil (
  id INTEGER NOT NULL PRIMARY KEY AUTO_INCREMENT, 
  menu_id int(11) NOT NULL,
  perfil_id int(11) NOT NULL,
  created_at DATETIME DEFAULT CURRENT_TIMESTAMP, 
  updated_at DATETIME DEFAULT NULL);

CREATE UNIQUE INDEX idmenu_perfil ON menu_perfil(menu_id,perfil_id);

INSERT INTO menu_perfil (id, menu_id, perfil_id) VALUES
(1, 1, 1),
(2, 2, 1),
(3, 3, 1),
(4, 4, 1),
(5, 5, 1),
(6, 6, 1),
(7, 7, 1),
(8, 6, 5),
(9, 7, 5),
(10, 6, 6),
(11, 7, 6),
(12, 6, 7),
(13, 7, 7);

CREATE TABLE sedes_sunat(
id INTEGER PRIMARY KEY AUTO_INCREMENT,
codigo VARCHAR(25),
n_provincia INTEGER,
ubigeo CHAR(6) default null references t_ubigeo(ubigeo),
provincia VARCHAR(60),
distrito VARCHAR(60),
centro_servicio VARCHAR(120),
direccion VARCHAR(250),
horario_lun_vie VARCHAR(20),
horario_sabado VARCHAR(20),
horario_domingo VARCHAR(20),
serv_tramite INTEGER,
serv_orientacion INTEGER,
serv_cabinas INTEGER,
serv_mesapartes INTEGER,
observaciones VARCHAR(1000),
usucre INTEGER DEFAULT NULL REFERENCES usuarios(id),
usuact INTEGER DEFAULT NULL REFERENCES usuarios(id),
created_at DATETIME DEFAULT CURRENT_TIMESTAMP, 
updated_at DATETIME DEFAULT NULL);

INSERT INTO sedes_sunat(codigo,n_provincia,ubigeo,provincia,distrito,centro_servicio,direccion,horario_lun_vie,horario_sabado,horario_domingo,serv_tramite,serv_orientacion,serv_cabinas,serv_mesapartes,observaciones) VALUES('CSC-CALLAO-01',1,'070101','CALLAO','CALLAO','Callao','Av. Sáenz Peña N° 286','8:30 a 5:00','9:00 a 1:00','-',1,1,1,1,'Cabe precisar que el servicio de atención en MESA DE PARTES solo se realiza de lunes a viernes.');
INSERT INTO sedes_sunat(codigo,n_provincia,ubigeo,provincia,distrito,centro_servicio,direccion,horario_lun_vie,horario_sabado,horario_domingo,serv_tramite,serv_orientacion,serv_cabinas,serv_mesapartes,observaciones) VALUES('CSC-CALLAO-02',2,'070101','CALLAO','CALLAO','MAC Callao','Mall Aventura Plaza: Local N° TI1-B. Av. Oscar R. Benavides N° 3866 Urb. El Águila - Bellavista','8:00 a 8:00','8:00 a 4:00','9:00 a 1:00',1,1,0,0,'Cabe precisar que el servicio de atención en MESA DE PARTES solo se realiza de lunes a viernes.');
INSERT INTO sedes_sunat(codigo,n_provincia,ubigeo,provincia,distrito,centro_servicio,direccion,horario_lun_vie,horario_sabado,horario_domingo,serv_tramite,serv_orientacion,serv_cabinas,serv_mesapartes,observaciones) VALUES('CSC-CALLAO-03',3,'070101','CALLAO','CALLAO','MINKA','C. C. MINKA: (Av. Argentina N° 3093) - Av Tres, Local PO7 (Frente a Norky*s)','9:00 a 6:00','9:00 a 1:00','  ',1,1,1,1,'Cabe precisar que el servicio de atención en MESA DE PARTES solo se realiza de lunes a viernes. (**) Horario de atención de Lunes a Viernes de 09:00 a 5:00 ');
INSERT INTO sedes_sunat(codigo,n_provincia,ubigeo,provincia,distrito,centro_servicio,direccion,horario_lun_vie,horario_sabado,horario_domingo,serv_tramite,serv_orientacion,serv_cabinas,serv_mesapartes,observaciones) VALUES('CSC-CALLAO-04',4,'070106','CALLAO','VENTANILLA','Ventanilla','Urb. Ex Zona Comercial e Industrial Mz. 15 A, Lote 5, Calle 11 (A una cuadra de la Av. Néstor Gambetta)','8:30 a 5:00','9:00 a 1:00','-',1,1,1,1,'Cabe precisar que el servicio de atención en MESA DE PARTES solo se realiza de lunes a viernes.');
INSERT INTO sedes_sunat(codigo,n_provincia,ubigeo,provincia,distrito,centro_servicio,direccion,horario_lun_vie,horario_sabado,horario_domingo,serv_tramite,serv_orientacion,serv_cabinas,serv_mesapartes,observaciones) VALUES('CSC-CALLAO-05',5,'070106','CALLAO','VENTANILLA','MAC Ventanilla','Av. La Playa S/N Altura de la Urb. Zona Comercial frente a la Plaza Cívica ','8:00 a 8:00','8:00 a 4:00 ','9:00 a 1:00',1,1,0,0,'Cabe precisar que el servicio de atención en MESA DE PARTES solo se realiza de lunes a viernes.');
INSERT INTO sedes_sunat(codigo,n_provincia,ubigeo,provincia,distrito,centro_servicio,direccion,horario_lun_vie,horario_sabado,horario_domingo,serv_tramite,serv_orientacion,serv_cabinas,serv_mesapartes,observaciones) VALUES('CSC-LIMA-01',1,'150101','LIMA','LIMA','Cercado','Jr. Augusto Wiese N° 498 esquina con Jr. Miró Quesada','8:30 a 5:00','9:00 a 1:00','-',1,1,1,1,'Cabe precisar que el servicio de atención en MESA DE PARTES solo se realiza de lunes a viernes.');
INSERT INTO sedes_sunat(codigo,n_provincia,ubigeo,provincia,distrito,centro_servicio,direccion,horario_lun_vie,horario_sabado,horario_domingo,serv_tramite,serv_orientacion,serv_cabinas,serv_mesapartes,observaciones) VALUES('CSC-LIMA-02',2,'150101','LIMA','LIMA','Nicolás de Piérola','Av. Nicolás de Piérola N° 589 (Ex Hotel Crillón), Cercado de Lima ','8:30 a 5:00','9:00 a 1:00','-',1,1,1,1,'Cabe precisar que el servicio de atención en MESA DE PARTES solo se realiza de lunes a viernes.');
INSERT INTO sedes_sunat(codigo,n_provincia,ubigeo,provincia,distrito,centro_servicio,direccion,horario_lun_vie,horario_sabado,horario_domingo,serv_tramite,serv_orientacion,serv_cabinas,serv_mesapartes,observaciones) VALUES('CSC-LIMA-03',3,'150103','LIMA','ATE','Ate','Av. Separadora Industrial N° 4260 Mz. E, Lote 15, Urb. Los Portales de Javier Prado 1era. Etapa','8:30 a 5:00','9:00 a 1:00','-',1,1,1,1,'Cabe precisar que el servicio de atención en MESA DE PARTES solo se realiza de lunes a viernes.');
INSERT INTO sedes_sunat(codigo,n_provincia,ubigeo,provincia,distrito,centro_servicio,direccion,horario_lun_vie,horario_sabado,horario_domingo,serv_tramite,serv_orientacion,serv_cabinas,serv_mesapartes,observaciones) VALUES('CSC-LIMA-04',4,'150110','LIMA','COMAS','Comas','Av. Túpac Amaru Nº 5745 - Urb. Huaquillay 1era. Etapa','8:30 a 5:00','9:00 a 1:00','-',1,1,1,1,'Cabe precisar que el servicio de atención en MESA DE PARTES solo se realiza de lunes a viernes.');
INSERT INTO sedes_sunat(codigo,n_provincia,ubigeo,provincia,distrito,centro_servicio,direccion,horario_lun_vie,horario_sabado,horario_domingo,serv_tramite,serv_orientacion,serv_cabinas,serv_mesapartes,observaciones) VALUES('CSC-LIMA-05',5,'150112','LIMA','INDEPENDENCIA','Independencia','C. C. Multicenter: Av. Carlos Izaguirre N° 271, 4A','9:00 a 6:00','9:00 a 1:00','-',1,1,1,1,'Cabe precisar que el servicio de atención en MESA DE PARTES solo se realiza de lunes a viernes. (**) Horario de atención de Lunes a Viernes de 09:00 a 5:00 ');
INSERT INTO sedes_sunat(codigo,n_provincia,ubigeo,provincia,distrito,centro_servicio,direccion,horario_lun_vie,horario_sabado,horario_domingo,serv_tramite,serv_orientacion,serv_cabinas,serv_mesapartes,observaciones) VALUES('CSC-LIMA-06',6,'150112','LIMA','INDEPENDENCIA','MAC MYPE','C.C. Lima Plaza Norte: 1er nivel Av. Alfredo Mendiola N° 1400 – Cruce de la Av. Tomas Valle con Panamericana Norte ','8:00 a 8:00','8:00 a 4:00','9:00 a 1:00',1,1,0,0,'Cabe precisar que el servicio de atención en MESA DE PARTES solo se realiza de lunes a viernes.');
INSERT INTO sedes_sunat(codigo,n_provincia,ubigeo,provincia,distrito,centro_servicio,direccion,horario_lun_vie,horario_sabado,horario_domingo,serv_tramite,serv_orientacion,serv_cabinas,serv_mesapartes,observaciones) VALUES('CSC-LIMA-07',7,'150115','LIMA','LA VICTORIA','Gamarra','Av. México N° 1653 -1657, Mz. A Lotes 2 y 3 Urb. La Pólvora','8:30 a 5:00','9:00 a 1:00','-',1,1,1,1,'Cabe precisar que el servicio de atención en MESA DE PARTES solo se realiza de lunes a viernes.');
INSERT INTO sedes_sunat(codigo,n_provincia,ubigeo,provincia,distrito,centro_servicio,direccion,horario_lun_vie,horario_sabado,horario_domingo,serv_tramite,serv_orientacion,serv_cabinas,serv_mesapartes,observaciones) VALUES('CSC-LIMA-08',8,'150115','LIMA','LA VICTORIA','La Victoria','Av. Iquitos Nº 1101 (cruce con Calle Italia)','8:30 a 5:00','9:00 a 1:00','-',1,1,1,1,'Cabe precisar que el servicio de atención en MESA DE PARTES solo se realiza de lunes a viernes.');
INSERT INTO sedes_sunat(codigo,n_provincia,ubigeo,provincia,distrito,centro_servicio,direccion,horario_lun_vie,horario_sabado,horario_domingo,serv_tramite,serv_orientacion,serv_cabinas,serv_mesapartes,observaciones) VALUES('CSC-LIMA-09',9,'150117','LIMA','LOS OLIVOS','Los Olivos','Av. Alfredo Mendiola N° 6163 (Cruce con Av. Central) Los Olivos. ','8:30 a 5:00','9:00 a 1:00','-',1,1,1,1,'Cabe precisar que el servicio de atención en MESA DE PARTES solo se realiza de lunes a viernes.');
INSERT INTO sedes_sunat(codigo,n_provincia,ubigeo,provincia,distrito,centro_servicio,direccion,horario_lun_vie,horario_sabado,horario_domingo,serv_tramite,serv_orientacion,serv_cabinas,serv_mesapartes,observaciones) VALUES('CSC-LIMA-10',10,'150119','LIMA','LURIN','Lurín','Jr. San Pedro N° 173, Manzana V, Lote 4 (al costado del Bco. de la Nación).','8:30 a 5:00','9:00 a 1:00','-',1,1,1,1,'Cabe precisar que el servicio de atención en MESA DE PARTES solo se realiza de lunes a viernes.');
INSERT INTO sedes_sunat(codigo,n_provincia,ubigeo,provincia,distrito,centro_servicio,direccion,horario_lun_vie,horario_sabado,horario_domingo,serv_tramite,serv_orientacion,serv_cabinas,serv_mesapartes,observaciones) VALUES('CSC-LIMA-11',11,'150122','LIMA','MIRAFLORES','Miraflores','Av. Paseo de la República N° 4728 - 4730','8:30 a 5:00','9:00 a 1:00','-',1,1,1,1,'Cabe precisar que el servicio de atención en MESA DE PARTES solo se realiza de lunes a viernes.');
INSERT INTO sedes_sunat(codigo,n_provincia,ubigeo,provincia,distrito,centro_servicio,direccion,horario_lun_vie,horario_sabado,horario_domingo,serv_tramite,serv_orientacion,serv_cabinas,serv_mesapartes,observaciones) VALUES('CSC-LIMA-12',12,'150131','LIMA','SAN ISIDRO','San Isidro','Jr. Juan de Arona N° 887','8:30 a 5:00','9:00 a 1:00','-',1,1,1,1,'Cabe precisar que el servicio de atención en MESA DE PARTES solo se realiza de lunes a viernes.');
INSERT INTO sedes_sunat(codigo,n_provincia,ubigeo,provincia,distrito,centro_servicio,direccion,horario_lun_vie,horario_sabado,horario_domingo,serv_tramite,serv_orientacion,serv_cabinas,serv_mesapartes,observaciones) VALUES('CSC-LIMA-13',13,'150132','LIMA','SAN JUAN DE LURIGANCHO','San Juan de Lurigancho ','Av. Gran Chimú N° 1423 Urb. Zárate (Frente al grifo Repsol) ','8:30 a 5:00','9:00 a 1:00','-',1,1,1,1,'Cabe precisar que el servicio de atención en MESA DE PARTES solo se realiza de lunes a viernes.');
INSERT INTO sedes_sunat(codigo,n_provincia,ubigeo,provincia,distrito,centro_servicio,direccion,horario_lun_vie,horario_sabado,horario_domingo,serv_tramite,serv_orientacion,serv_cabinas,serv_mesapartes,observaciones) VALUES('CSC-LIMA-14',14,'150133','LIMA','SAN JUAN DE MIRAFLORES',' San Juan de Miraflores','Av Guillermo Billinghurst N° 1091 Mz. G2 Lote 32 Urbanización San Juan de Miraflores','8:30 a 5:00','9:00 a 1:00','-',1,1,1,1,'Cabe precisar que el servicio de atención en MESA DE PARTES solo se realiza de lunes a viernes.');
INSERT INTO sedes_sunat(codigo,n_provincia,ubigeo,provincia,distrito,centro_servicio,direccion,horario_lun_vie,horario_sabado,horario_domingo,serv_tramite,serv_orientacion,serv_cabinas,serv_mesapartes,observaciones) VALUES('CSC-LIMA-15',15,'150137','LIMA','SANTA ANITA','Santa Anita ','Carretera Central 111 Urb. Los Ficus - Centro Comercial Mall Aventura Plaza  ','9:00 a 6:00 ','9:00 a 1:00 ','  ',1,1,1,1,'Cabe precisar que el servicio de atención en MESA DE PARTES solo se realiza de lunes a viernes. (**) Horario de atención de Lunes a Viernes de 09:00 a 5:00 ');
INSERT INTO sedes_sunat(codigo,n_provincia,ubigeo,provincia,distrito,centro_servicio,direccion,horario_lun_vie,horario_sabado,horario_domingo,serv_tramite,serv_orientacion,serv_cabinas,serv_mesapartes,observaciones) VALUES('CSC-LIMA-16',16,'150140','LIMA','SANTIAGO DE SURCO','Surco','Av. Benavides N° 4055 Urb. Chama.','8:30 a 5:00','9:00 a 1:00','-',1,1,1,1,'Cabe precisar que el servicio de atención en MESA DE PARTES solo se realiza de lunes a viernes.');
INSERT INTO sedes_sunat(codigo,n_provincia,ubigeo,provincia,distrito,centro_servicio,direccion,horario_lun_vie,horario_sabado,horario_domingo,serv_tramite,serv_orientacion,serv_cabinas,serv_mesapartes,observaciones) VALUES('CSC-LIMA-17',17,'150141','LIMA','SURQUILLO','Surquillo','C.C. Open Plaza Angamos: 3er. Nivel - Av. Angamos Este N° 1803','9:00 a 6:00','9:00 a 1:00','  ',1,1,1,1,'Cabe precisar que el servicio de atención en MESA DE PARTES solo se realiza de lunes a viernes. (**) Horario de atención de Lunes a Viernes de 09:00 a 5:00 ');
INSERT INTO sedes_sunat(codigo,n_provincia,ubigeo,provincia,distrito,centro_servicio,direccion,horario_lun_vie,horario_sabado,horario_domingo,serv_tramite,serv_orientacion,serv_cabinas,serv_mesapartes,observaciones) VALUES('CSC-LIMA-18',18,'150142','LIMA','VILLA EL SALVADOR','Villa El Salvador','Centro Bancario, Lt. 05 Mz. K2, Parcela II del Parque Industrial del Cono Sur (esquina de las calles Juan Velasco y los Artesanos).','8:30 a 5:00','9:00 a 1:00','-',1,1,1,1,'Cabe precisar que el servicio de atención en MESA DE PARTES solo se realiza de lunes a viernes.');

CREATE TABLE proyectos(
  id INTEGER NOT NULL PRIMARY KEY AUTO_INCREMENT, 
  proyecto VARCHAR(20) NOT NULL, 
  descripcion VARCHAR(100),
  created_at DATETIME DEFAULT CURRENT_TIMESTAMP, 
  updated_at DATETIME DEFAULT NULL);
 
INSERT INTO proyectos(proyecto,descripcion) VALUES('ENC-CSC 2016','ENCUESTA A USUARIOS EXTERNOS ACTIVOS DE LOS CSC - SUNAT');
INSERT INTO proyectos(proyecto,descripcion) VALUES('ENC-CCF 2016','ENCUESTA A USUARIOS EXTERNOS ACTIVOS DE LOS CCF - SUNAT');

CREATE TABLE cuestionarios(
  id INTEGER NOT NULL PRIMARY KEY AUTO_INCREMENT, 
  documento VARCHAR(40) NOT NULL, 
  proyecto INTEGER default null references proyectos(id),
  titulo VARCHAR(240),
  created_at DATETIME DEFAULT CURRENT_TIMESTAMP, 
  updated_at DATETIME DEFAULT NULL);

INSERT INTO cuestionarios(documento,proyecto,titulo) VALUES('FO03-EST-SUNLBE16-RV01-18/10/2016',1,'ENCUESTA DE PERCEPCIÓN DE SERVICIOS DE CONTRIBUYENTES ATENDIDOS EN LOS CSC\n USUARIOS EXTERNOS ACTIVOS');
INSERT INTO cuestionarios(documento,proyecto,titulo) VALUES('FO04-EST-SUNLBE16-RV01-18/10/2016',2,'ENCUESTA DE PERCEPCIÓN DE SERVICIOS DE CONTRIBUYENTES ATENDIDOS EN LOS 
CCF\n USUARIOS EXTERNOS ACTIVOS');

CREATE TABLE t_csc_pag1(
ID INTEGER PRIMARY KEY AUTO_INCREMENT,
CUEST INTEGER,
ACTIVO INTEGER NOT NULL DEFAULT '1',
CSC_NOMBRE VARCHAR (120),
CSC_CODIGO VARCHAR (25) default null REFERENCES sedes_csc(CODIGO),
ZONA_SUNAT VARCHAR (30),
RESFIN_DIA INTEGER,
RESFIN_MES INTEGER,
RESFIN_FECHA DATETIME,
RESFIN INTEGER,
RESFIN_O VARCHAR (60),
ENC_DNI VARCHAR (8),
ENC_NOMB VARCHAR (80),
SUP_DNI VARCHAR (8),
SUP_NOMB VARCHAR (80),
INF_FILTRO INTEGER,
INF_USUARIO VARCHAR (60),
INF_USU_NOM VARCHAR (30),
INF_USU_APE VARCHAR (30),
INF_DIRECCION VARCHAR (240),
P1 VARCHAR (60),
P1_UBIGEO CHAR (6) DEFAULT NULL REFERENCES t_ubigeo(ubigeo),
P2 INTEGER,
P3 INTEGER,
P3_GRUPOS INTEGER,
P4 VARCHAR (11),
P5 INTEGER,
P6 INTEGER,
P7 VARCHAR (240),
P8 VARCHAR (240),
P8_DISTRITO VARCHAR (60),
P9 INTEGER,
P10 INTEGER,
P10_O VARCHAR (60),
P11 INTEGER,
P11_1_AUX INTEGER DEFAULT NULL,
P11_1_1 INTEGER,
P11_1_2 INTEGER,
P11_1_3 INTEGER,
P11_1_4 INTEGER,
P11_1_5 INTEGER,
P11_1_O VARCHAR (60), 
usucre INTEGER DEFAULT NULL REFERENCES usuarios(id),
usuact INTEGER DEFAULT NULL REFERENCES usuarios(id),
created_at DATETIME DEFAULT CURRENT_TIMESTAMP, 
updated_at DATETIME DEFAULT NULL);

CREATE UNIQUE INDEX cuestionario_usuario ON t_csc_pag1(CUEST,usucre);

CREATE TABLE t_csc_pag2(
ID INTEGER PRIMARY KEY REFERENCES t_csc_pag1(ID),
CUEST INTEGER,
ACTIVO INTEGER NOT NULL DEFAULT '1',
P12_1 INTEGER,
P12_2 INTEGER,
P12_3 INTEGER,
P12_4 INTEGER,
P12_5 INTEGER,
P12_6 INTEGER,
P12_7 INTEGER,
P12_8 INTEGER,
P12_O VARCHAR (60),
P12_AUX INTEGER DEFAULT NULL,
P13_1 INTEGER,
P13_2 INTEGER,
P13_3 INTEGER,
P13_4 INTEGER,
P13_5 INTEGER,
P13_O VARCHAR (60),
P13_AUX INTEGER DEFAULT NULL,
P14 VARCHAR (10),
P14_HOR INTEGER,
P14_MIN INTEGER,
P15_1 INTEGER,
P15_2 INTEGER,
P15_3 INTEGER,
P15_4 INTEGER,
P16 INTEGER,
P17 INTEGER,
P18 INTEGER,
P18_A_1 INTEGER,
P18_A_2 INTEGER,
P18_A_3 INTEGER,
P18_A_4 INTEGER,
P18_A_5 INTEGER,
P18_A_O VARCHAR (60),
P18_A_AUX INTEGER DEFAULT NULL,
P18_B_1 INTEGER,
P18_B_2 INTEGER,
P18_B_3 INTEGER,
P18_B_4 INTEGER,
P18_B_5 INTEGER,
P18_B_O VARCHAR (60),
P18_B_AUX INTEGER,
P19 INTEGER,
P20_1 INTEGER DEFAULT NULL,
P20_2 INTEGER,
P20_3 INTEGER,
P20_4 INTEGER,
P20_5 INTEGER,
P20_6 INTEGER,
P20_O VARCHAR (60),
P20_AUX INTEGER DEFAULT NULL,
P21 VARCHAR (10),
P21_HOR INTEGER,
P21_MIN INTEGER,
P21_1 VARCHAR (10),
P21_1_ENT INTEGER,
P21_1_DEC VARCHAR (2),
P22 INTEGER,
P22_1_INI_HORAS VARCHAR (10),
P22_1_INI_SUF INTEGER,
P22_1_INI_HOR INTEGER,
P22_1_INI_MIN INTEGER,
P22_1_FIN_HORAS VARCHAR (10),
P22_1_FIN_SUF INTEGER,
P22_1_FIN_HOR INTEGER,
P22_1_FIN_MIN INTEGER,
P23_1 INTEGER,
P23_2 INTEGER,
P23_3 INTEGER,
P23_4 INTEGER,
P23_5 INTEGER,
P23_6 INTEGER,
P23_7 INTEGER,
P23_AUX INTEGER DEFAULT NULL,
P24 INTEGER,
P25_1 INTEGER,
P25_2 INTEGER,
P25_3 INTEGER,
P25_4 INTEGER,
P25_5 INTEGER,
P25_6 INTEGER,
P25_7 INTEGER,
P25_8 INTEGER,
P25_9 INTEGER,
P25_O VARCHAR (60),
P25_AUX INTEGER DEFAULT NULL,
usucre INTEGER DEFAULT NULL REFERENCES usuarios(id),
usuact INTEGER DEFAULT NULL REFERENCES usuarios(id),
created_at DATETIME DEFAULT CURRENT_TIMESTAMP, 
updated_at DATETIME DEFAULT NULL);

CREATE UNIQUE INDEX cuestionario_usuario ON t_csc_pag2(CUEST,usucre);

CREATE TABLE t_csc_pag3(
ID INTEGER PRIMARY KEY REFERENCES t_csc_pag1(ID),
CUEST INTEGER,
ACTIVO INTEGER NOT NULL DEFAULT '1',
P13_1 INTEGER,
P13_2 INTEGER,
P13_3 INTEGER,
P13_4 INTEGER,
V_01_A_1 INTEGER,
V_01_A_2 INTEGER,
V_01_A_3 INTEGER,
V_01_A_4 INTEGER,
V_01_B_1 INTEGER,
V_01_B_2 INTEGER,
V_01_B_3 INTEGER,
V_01_B_4 INTEGER,
V_02_A_1 INTEGER,
V_02_A_2 INTEGER,
V_02_A_3 INTEGER,
V_02_A_4 INTEGER,
V_02_B_1 INTEGER,
V_02_B_2 INTEGER,
V_02_B_3 INTEGER,
V_02_B_4 INTEGER,
V_03_1 INTEGER,
V_03_2 INTEGER,
V_03_3 INTEGER,
V_03_4 INTEGER,
V_03_5 INTEGER,
V_04_1 INTEGER,
V_04_2 INTEGER,
V_05_1 INTEGER,
V_05_2 INTEGER,
V_05_3 INTEGER,
V_06_1 INTEGER,
V_06_2 INTEGER,
V_06_3 INTEGER,
V_07_1 INTEGER,
V_07_2 INTEGER,
V_07_3 INTEGER,
V_08_1 INTEGER,
V_08_2 INTEGER,
V_08_3 INTEGER,
V_09 INTEGER,
COMM VARCHAR (240),
OBS VARCHAR (500),
usucre INTEGER DEFAULT NULL REFERENCES usuarios(id),
usuact INTEGER DEFAULT NULL REFERENCES usuarios(id),
created_at DATETIME DEFAULT CURRENT_TIMESTAMP, 
updated_at DATETIME DEFAULT NULL);

CREATE UNIQUE INDEX cuestionario_usuario ON t_csc_pag3(CUEST,usucre);

CREATE TABLE t_marco_poblacion(
ID INTEGER PRIMARY KEY AUTO_INCREMENT,
ubigeo char(6) NOT NULL,
dpto varchar(60) DEFAULT NULL,
prov varchar(100) DEFAULT NULL,
dist varchar(150) DEFAULT NULL,
ZONA VARCHAR(25),
created_at DATETIME DEFAULT CURRENT_TIMESTAMP, 
updated_at DATETIME DEFAULT NULL);
    
    INSERT INTO t_marco_poblacion(ubigeo,dpto,prov,dist,ZONA) VALUES
    ('999999', 'SELECCIONAR', 'SELECCIONAR', 'SELECCIONAR','LIMA NORTE 2'),
    ('999999', 'SELECCIONAR', 'SELECCIONAR', 'SELECCIONAR','LIMA ESTE'),
    ('070106', 'CALLAO', 'CALLAO', 'VENTANILLA','LIMA NORTE 2'),
    ('150102', 'LIMA', 'LIMA', 'ANCON','LIMA NORTE 2'),
    ('150106', 'LIMA', 'LIMA', 'CARABAYLLO','LIMA NORTE 2'),
    ('150110', 'LIMA', 'LIMA', 'COMAS','LIMA NORTE 2'),
    ('150125', 'LIMA', 'LIMA', 'PUENTE PIEDRA','LIMA NORTE 2'),
    ('150132', 'LIMA', 'LIMA', 'SAN JUAN DE LURIGANCHO','LIMA ESTE'),
    ('150139', 'LIMA', 'LIMA', 'SANTA ROSA','LIMA NORTE 2');

CREATE TABLE t_marco(
ID INTEGER PRIMARY KEY AUTO_INCREMENT,
USUARIO INTEGER NOT NULL REFERENCES usuarios(id),
SEDE VARCHAR(25) REFERENCES sedes_sunat(codigo),
ZONA VARCHAR(25),
PROYECTO VARCHAR(20) REFERENCES proyectos(proyecto),
created_at DATETIME DEFAULT CURRENT_TIMESTAMP, 
updated_at DATETIME DEFAULT NULL);

INSERT INTO t_marco(USUARIO,SEDE,ZONA,PROYECTO) VALUES
(8,'CSC-CALLAO-04','LIMA NORTE 2','ENC-CSC 2016'),
(9,'CSC-CALLAO-04','LIMA NORTE 2','ENC-CSC 2016'),
(10,'CSC-LIMA-04','LIMA NORTE 2','ENC-CSC 2016'),
(11,'CSC-LIMA-04','LIMA NORTE 2','ENC-CSC 2016'),
(12,'CSC-LIMA-02','LIMA NORTE 2','ENC-CCF 2016'),
(13,'CSC-LIMA-02','LIMA NORTE 2','ENC-CCF 2016'),
(14,'CSC-LIMA-09','LIMA NORTE 2','ENC-CCF 2016'),
(15,'CSC-LIMA-09','LIMA NORTE 2','ENC-CCF 2016');

CREATE VIEW marco_usuarios AS 
SELECT t.id, t.usuario AS usuario_id, u.usuario AS usuario, s.codigo, 
ucase( s.centro_servicio ) AS sede, t.zona, p.proyecto, p.descripcion
FROM t_marco t
INNER JOIN sedes_sunat s ON t.sede = s.codigo
INNER JOIN proyectos p ON t.proyecto = p.proyecto
INNER JOIN usuarios u ON t.usuario = u.id;

CREATE TABLE t_marco_digitacion(
ID INTEGER PRIMARY KEY AUTO_INCREMENT,
USUARIO INTEGER NOT NULL REFERENCES usuarios(id),
SEDE VARCHAR(25) REFERENCES sedes_sunat(codigo),
ZONA VARCHAR(25),
PROYECTO VARCHAR(20) REFERENCES proyectos(proyecto),
created_at DATETIME DEFAULT CURRENT_TIMESTAMP, 
updated_at DATETIME DEFAULT NULL);

INSERT INTO t_marco_digitacion(USUARIO,SEDE,ZONA,PROYECTO) VALUES
(6,'CSC-CALLAO-04','LIMA NORTE 2','ENC-CSC 2016'),
(6,'CSC-CALLAO-05','LIMA NORTE 2','ENC-CSC 2016'),
(6,'CSC-LIMA-01','LIMA NORTE 2','ENC-CSC 2016'),
(6,'CSC-LIMA-02','LIMA NORTE 2','ENC-CSC 2016'),
(6,'CSC-LIMA-04','LIMA NORTE 2','ENC-CSC 2016'),
(6,'CSC-LIMA-05','LIMA NORTE 2','ENC-CSC 2016'),
(6,'CSC-LIMA-06','LIMA NORTE 2','ENC-CSC 2016'),
(6,'CSC-LIMA-08','LIMA NORTE 2','ENC-CSC 2016'),
(6,'CSC-LIMA-09','LIMA NORTE 2','ENC-CSC 2016'),
(6,'CSC-LIMA-02','LIMA NORTE 2','ENC-CCF 2016'),
(6,'CSC-LIMA-09','LIMA NORTE 2','ENC-CCF 2016'),
(6,'CSC-LIMA-08','LIMA NORTE 2','ENC-CCF 2016'),
(6,'CSC-LIMA-11','LIMA NORTE 2','ENC-CCF 2016'),
(7,'CSC-LIMA-13','LIMA ESTE','ENC-CSC 2016'),
(7,'CSC-LIMA-08','LIMA ESTE','ENC-CCF 2016'),
(7,'CSC-LIMA-11','LIMA ESTE','ENC-CCF 2016'),
(7,'CSC-LIMA-02','LIMA ESTE','ENC-CCF 2016'),
(7,'CSC-LIMA-09','LIMA ESTE','ENC-CCF 2016');

INSERT INTO t_marco_digitacion(USUARIO,SEDE,ZONA,PROYECTO) VALUES
(1,'CSC-CALLAO-04','LIMA NORTE 2','ENC-CSC 2016'),
(1,'CSC-CALLAO-05','LIMA NORTE 2','ENC-CSC 2016'),
(1,'CSC-LIMA-01','LIMA NORTE 2','ENC-CSC 2016'),
(1,'CSC-LIMA-02','LIMA NORTE 2','ENC-CSC 2016'),
(1,'CSC-LIMA-04','LIMA NORTE 2','ENC-CSC 2016'),
(1,'CSC-LIMA-05','LIMA NORTE 2','ENC-CSC 2016'),
(1,'CSC-LIMA-06','LIMA NORTE 2','ENC-CSC 2016'),
(1,'CSC-LIMA-08','LIMA NORTE 2','ENC-CSC 2016'),
(1,'CSC-LIMA-09','LIMA NORTE 2','ENC-CSC 2016'),
(1,'CSC-LIMA-02','LIMA NORTE 2','ENC-CCF 2016'),
(1,'CSC-LIMA-09','LIMA NORTE 2','ENC-CCF 2016'),
(1,'CSC-LIMA-08','LIMA NORTE 2','ENC-CCF 2016'),
(1,'CSC-LIMA-11','LIMA NORTE 2','ENC-CCF 2016'),
(1,'CSC-LIMA-13','LIMA ESTE','ENC-CSC 2016'),
(1,'CSC-LIMA-08','LIMA ESTE','ENC-CCF 2016'),
(1,'CSC-LIMA-11','LIMA ESTE','ENC-CCF 2016'),
(1,'CSC-LIMA-02','LIMA ESTE','ENC-CCF 2016'),
(1,'CSC-LIMA-09','LIMA ESTE','ENC-CCF 2016');

INSERT INTO t_marco_digitacion(USUARIO,SEDE,ZONA,PROYECTO) VALUES
(2,'CSC-CALLAO-04','LIMA NORTE 2','ENC-CSC 2016'),
(2,'CSC-CALLAO-05','LIMA NORTE 2','ENC-CSC 2016'),
(2,'CSC-LIMA-01','LIMA NORTE 2','ENC-CSC 2016'),
(2,'CSC-LIMA-02','LIMA NORTE 2','ENC-CSC 2016'),
(2,'CSC-LIMA-04','LIMA NORTE 2','ENC-CSC 2016'),
(2,'CSC-LIMA-05','LIMA NORTE 2','ENC-CSC 2016'),
(2,'CSC-LIMA-06','LIMA NORTE 2','ENC-CSC 2016'),
(2,'CSC-LIMA-08','LIMA NORTE 2','ENC-CSC 2016'),
(2,'CSC-LIMA-09','LIMA NORTE 2','ENC-CSC 2016'),
(2,'CSC-LIMA-02','LIMA NORTE 2','ENC-CCF 2016'),
(2,'CSC-LIMA-09','LIMA NORTE 2','ENC-CCF 2016'),
(2,'CSC-LIMA-08','LIMA NORTE 2','ENC-CCF 2016'),
(2,'CSC-LIMA-11','LIMA NORTE 2','ENC-CCF 2016'),
(2,'CSC-LIMA-13','LIMA ESTE','ENC-CSC 2016'),
(2,'CSC-LIMA-08','LIMA ESTE','ENC-CCF 2016'),
(2,'CSC-LIMA-11','LIMA ESTE','ENC-CCF 2016'),
(2,'CSC-LIMA-02','LIMA ESTE','ENC-CCF 2016'),
(2,'CSC-LIMA-09','LIMA ESTE','ENC-CCF 2016');

INSERT INTO t_marco_digitacion(USUARIO,SEDE,ZONA,PROYECTO) VALUES
(3,'CSC-CALLAO-04','LIMA NORTE 2','ENC-CSC 2016'),
(3,'CSC-CALLAO-05','LIMA NORTE 2','ENC-CSC 2016'),
(3,'CSC-LIMA-01','LIMA NORTE 2','ENC-CSC 2016'),
(3,'CSC-LIMA-02','LIMA NORTE 2','ENC-CSC 2016'),
(3,'CSC-LIMA-04','LIMA NORTE 2','ENC-CSC 2016'),
(3,'CSC-LIMA-05','LIMA NORTE 2','ENC-CSC 2016'),
(3,'CSC-LIMA-06','LIMA NORTE 2','ENC-CSC 2016'),
(3,'CSC-LIMA-08','LIMA NORTE 2','ENC-CSC 2016'),
(3,'CSC-LIMA-09','LIMA NORTE 2','ENC-CSC 2016'),
(3,'CSC-LIMA-02','LIMA NORTE 2','ENC-CCF 2016'),
(3,'CSC-LIMA-09','LIMA NORTE 2','ENC-CCF 2016'),
(3,'CSC-LIMA-08','LIMA NORTE 2','ENC-CCF 2016'),
(3,'CSC-LIMA-11','LIMA NORTE 2','ENC-CCF 2016'),
(3,'CSC-LIMA-13','LIMA ESTE','ENC-CSC 2016'),
(3,'CSC-LIMA-08','LIMA ESTE','ENC-CCF 2016'),
(3,'CSC-LIMA-11','LIMA ESTE','ENC-CCF 2016'),
(3,'CSC-LIMA-02','LIMA ESTE','ENC-CCF 2016'),
(3,'CSC-LIMA-09','LIMA ESTE','ENC-CCF 2016');


CREATE VIEW marco_digitacion AS 
SELECT t.id, t.usuario AS usuario_id, u.usuario AS usuario, s.codigo, 
concat_ws(' - ', s.distrito, s.centro_servicio, s.direccion) AS sede, t.zona, p.proyecto, p.descripcion
FROM t_marco_digitacion t
INNER JOIN sedes_sunat s ON t.sede = s.codigo
INNER JOIN proyectos p ON t.proyecto = p.proyecto
INNER JOIN usuarios u ON t.usuario = u.id;

CREATE VIEW carga_usuario AS 
SELECT usucre AS usuario_id, max( CUEST ) AS ncuest
FROM t_csc_pag1
GROUP BY usucre;

CREATE VIEW cuest_usuario AS 
select 
t1.ID AS ID,
concat_ws(' - ', s.centro_servicio, s.direccion) AS SEDE,
ZONA_SUNAT AS ZONA,
t1.CUEST AS CUEST,
concat_ws(' ',INF_USU_NOM,INF_USU_APE) AS ENCUESTADO,
P1 AS DISTRITO,
P4 AS RUC,
(case 
When (isnull(t1.P11) OR isnull(t2.P24) OR isnull(t3.V_09)) AND t3.updated_at IS NOT NULL then 'INCOMPLETO'
when isnull(t1.updated_at) OR isnull(t2.updated_at) OR isnull(t3.updated_at) then 'PENDIENTE' else 'PROCESADO' end) AS ESTADO,
convert_tz(t1.created_at,'+00:00','-05:00') AS FECHA, 
t1.usucre AS USUCRE,
t1.usuact AS USUACT 
from t_csc_pag1 t1 INNER JOIN t_csc_pag2 t2 ON t1.id=t2.id 
INNER JOIN t_csc_pag3 t3 ON t1.id=t3.id 
LEFT JOIN sedes_sunat s ON t1.CSC_CODIGO = s.codigo   
 WHERE t1.ACTIVO=1 
ORDER BY CUEST ASC;

CREATE VIEW cuest_todos AS 
select 
t1.ID AS ID,
t4.datos AS USUARIO,
concat_ws(' - ', s.centro_servicio, s.direccion) AS SEDE,
ZONA_SUNAT AS ZONA,
t1.CUEST AS CUEST,
concat_ws(' ',INF_USU_NOM,INF_USU_APE) AS ENCUESTADO,
P1 AS DISTRITO,
P4 AS RUC,
(case 
When t1.ACTIVO>0 AND (isnull(t1.P11) OR isnull(t2.P24) OR isnull(t3.V_09)) AND t3.updated_at IS NOT NULL then 'INCOMPLETO'
when t1.ACTIVO>0 AND (isnull(t1.updated_at) OR isnull(t2.updated_at) OR isnull(t3.updated_at)) then 'PENDIENTE' 
When t1.ACTIVO=0 then 'ELIMINADO' 
 else 'PROCESADO' end) AS ESTADO, 
t1.ACTIVO, 
convert_tz(t1.created_at,'+00:00','-05:00') AS FECHA,  
t1.usucre AS USUCRE,
t1.usuact AS USUACT 
from t_csc_pag1 t1 LEFT JOIN t_csc_pag2 t2 ON t1.id=t2.id 
LEFT JOIN t_csc_pag3 t3 ON t1.id=t3.id 
INNER JOIN personal t4 ON t1.usucre=t4.id 
LEFT JOIN sedes_sunat s ON t1.CSC_CODIGO = s.codigo   
ORDER BY USUARIO ASC, CUEST ASC ;

CREATE VIEW CSC_USU_EXT_LIMA_NORTE2 AS 
SELECT t1.ID,
t4.datos AS USUARIO,
t1.CUEST,
concat_ws(' - ', s.centro_servicio, s.direccion) AS CSC_NOMBRE,
t1.CSC_CODIGO,
t1.ZONA_SUNAT,
t1.RESFIN_DIA,
t1.RESFIN_MES,
t1.RESFIN_FECHA,
t1.RESFIN,
t1.RESFIN_O,
t1.ENC_DNI,
t1.ENC_NOMB,
t1.SUP_DNI,
t1.SUP_NOMB,
t1.INF_FILTRO,
concat_ws(' ',INF_USU_NOM,INF_USU_APE) AS ENCUESTADO,
t1.INF_DIRECCION AS DIRECCION,
t1.P1,
t1.P1_UBIGEO,
t1.P2,
t1.P3,
t1.P4,
t1.P5,
t1.P6,
t1.P7,
t1.P8,
t1.P8_DISTRITO,
t1.P9,
t1.P10,
t1.P10_O,
t1.P11,
t1.P11_1_1,
t1.P11_1_2,
t1.P11_1_3,
t1.P11_1_4,
t1.P11_1_5,
t1.P11_1_O,
t2.P12_1,
t2.P12_2,
t2.P12_3,
t2.P12_4,
t2.P12_5,
t2.P12_6,
t2.P12_7,
t2.P12_8,
t2.P12_O,
t2.P13_1,
t2.P13_2,
t2.P13_3,
t2.P13_4,
t2.P13_5,
t2.P13_O,
t2.P14,
t2.P14_HOR,
t2.P14_MIN,
t2.P15_1,
t2.P15_2,
t2.P15_3,
t2.P15_4,
t2.P16,
t2.P17,
t2.P18,
t2.P18_A_1,
t2.P18_A_2,
t2.P18_A_3,
t2.P18_A_4,
t2.P18_A_5,
t2.P18_A_O,
t2.P18_B_1,
t2.P18_B_2,
t2.P18_B_3,
t2.P18_B_4,
t2.P18_B_5,
t2.P18_B_O,
t2.P19,
t2.P20_1,
t2.P20_2,
t2.P20_3,
t2.P20_4,
t2.P20_5,
t2.P20_6,
t2.P20_O,
t2.P21,
t2.P21_HOR,
t2.P21_MIN,
t2.P21_1,
t2.P21_1_ENT,
t2.P21_1_DEC,
t2.P22,
t2.P22_1_INI_HORAS,
t2.P22_1_FIN_HORAS,
t2.P23_1,
t2.P23_2,
t2.P23_3,
t2.P23_4,
t2.P23_5,
t2.P23_6,
t2.P23_7,
t2.P24,
t2.P25_1,
t2.P25_2,
t2.P25_3,
t2.P25_4,
t2.P25_5,
t2.P25_6,
t2.P25_7,
t2.P25_8,
t2.P25_9,
t2.P25_O,
t3.V_01_A_1,
t3.V_01_A_2,
t3.V_01_A_3,
t3.V_01_B_1,
t3.V_01_B_2,
t3.V_01_B_3,
t3.V_02_A_1,
t3.V_02_A_2,
t3.V_02_A_3,
t3.V_02_A_4,
t3.V_02_B_1,
t3.V_02_B_2,
t3.V_02_B_3,
t3.V_03_1,
t3.V_03_2,
t3.V_03_3,
t3.V_03_4,
t3.V_03_5,
t3.V_04_1,
t3.V_04_2,
t3.V_05_1,
t3.V_05_2,
t3.V_05_3,
t3.V_06_1,
t3.V_06_2,
t3.V_06_3,
t3.V_07_1,
t3.V_07_2,
t3.V_07_3,
t3.V_08_1,
t3.V_08_2,
t3.V_08_3,
t3.V_09,
t3.COMM,
t3.OBS FROM t_csc_pag1 t1
INNER JOIN t_csc_pag2 t2 ON t1.id = t2.id
INNER JOIN t_csc_pag3 t3 ON t1.id = t3.id 
INNER JOIN personal t4 ON t1.usucre=t4.id 
INNER JOIN sedes_sunat s ON t1.CSC_CODIGO = s.codigo  
WHERE t1.ACTIVO=1 AND ZONA_SUNAT LIKE '%NORTE 2%' 
ORDER BY 
t1.ZONA_SUNAT,
t4.datos,
t1.CUEST,
t1.CSC_CODIGO;


CREATE TABLE t_marco_viv (id integer primary key, ZONA_SUNAT varchar (20), ubigeo varchar (6), CCDD varchar (2), Departamento varchar (60), CCPP varchar (2), Provincia varchar (60), CCDI varchar (2), Distrito varchar (60), codccpp varchar (10), nomccpp varchar (60), nconglome1 integer , zonas varchar (5), mzna_ccpp varchar (150), tot_mz_cp integer , totviv integer , totvivocup integer , totpobc integer , TMUJF integer , THOMBF integer , TPERSMAY14F integer , InclusionProbability_1 double , SampleWeightCumulative_1 double , PopulationSize_1 integer , SampleSize_1 integer );
INSERT INTO t_marco_viv (id, ZONA_SUNAT, ubigeo, CCDD, Departamento, CCPP, Provincia, CCDI, Distrito, codccpp, nomccpp, nconglome1, zonas, mzna_ccpp, tot_mz_cp, totviv, totvivocup, totpobc, TMUJF, THOMBF, TPERSMAY14F, InclusionProbability_1, SampleWeightCumulative_1, PopulationSize_1, SampleSize_1) VALUES (1, 'LIMA ESTE', '150132', '15', 'LIMA', '01', 'LIMA', '32', 'SAN JUAN DE LURIGANCHO', '', 'SAN JUAN DE LURIGANCHO', 21795, '00300', '001,001A,002E,002G,002H,002I,002J,002K,', 8, 141, 138, 507, 250, 257, 325, -0.000112592, -5.21483e-33, 1275, 78);
INSERT INTO t_marco_viv (id, ZONA_SUNAT, ubigeo, CCDD, Departamento, CCPP, Provincia, CCDI, Distrito, codccpp, nomccpp, nconglome1, zonas, mzna_ccpp, tot_mz_cp, totviv, totvivocup, totpobc, TMUJF, THOMBF, TPERSMAY14F, InclusionProbability_1, SampleWeightCumulative_1, PopulationSize_1, SampleSize_1) VALUES (2, 'LIMA ESTE', '150132', '15', 'LIMA', '01', 'LIMA', '32', 'SAN JUAN DE LURIGANCHO', '', 'SAN JUAN DE LURIGANCHO', 21796, '00300', '002L,002M,002N,002O,002Q,003,003A,003C,003D,004,005,', 11, 149, 146, 618, 304, 314, 423, -0.000112592, -5.21483e-33, 1275, 78);
INSERT INTO t_marco_viv (id, ZONA_SUNAT, ubigeo, CCDD, Departamento, CCPP, Provincia, CCDI, Distrito, codccpp, nomccpp, nconglome1, zonas, mzna_ccpp, tot_mz_cp, totviv, totvivocup, totpobc, TMUJF, THOMBF, TPERSMAY14F, InclusionProbability_1, SampleWeightCumulative_1, PopulationSize_1, SampleSize_1) VALUES (3, 'LIMA ESTE', '150132', '15', 'LIMA', '01', 'LIMA', '32', 'SAN JUAN DE LURIGANCHO', '', 'SAN JUAN DE LURIGANCHO', 21822, '00600', '040,041,042,043,044,045,', 6, 142, 141, 696, 332, 364, 524, -0.000112592, -5.21483e-33, 1275, 78);
INSERT INTO t_marco_viv (id, ZONA_SUNAT, ubigeo, CCDD, Departamento, CCPP, Provincia, CCDI, Distrito, codccpp, nomccpp, nconglome1, zonas, mzna_ccpp, tot_mz_cp, totviv, totvivocup, totpobc, TMUJF, THOMBF, TPERSMAY14F, InclusionProbability_1, SampleWeightCumulative_1, PopulationSize_1, SampleSize_1) VALUES (4, 'LIMA ESTE', '150132', '15', 'LIMA', '01', 'LIMA', '32', 'SAN JUAN DE LURIGANCHO', '', 'SAN JUAN DE LURIGANCHO', 21830, '00700', '053C,054B,054C,054D,055,056,057A,057B,057C,058,060,061A,061B,', 13, 155, 148, 585, 299, 286, 383, -0.000112592, -5.21483e-33, 1275, 78);
INSERT INTO t_marco_viv (id, ZONA_SUNAT, ubigeo, CCDD, Departamento, CCPP, Provincia, CCDI, Distrito, codccpp, nomccpp, nconglome1, zonas, mzna_ccpp, tot_mz_cp, totviv, totvivocup, totpobc, TMUJF, THOMBF, TPERSMAY14F, InclusionProbability_1, SampleWeightCumulative_1, PopulationSize_1, SampleSize_1) VALUES (5, 'LIMA ESTE', '150132', '15', 'LIMA', '01', 'LIMA', '32', 'SAN JUAN DE LURIGANCHO', '', 'SAN JUAN DE LURIGANCHO', 21836, '00800', '044,046,047,048,049,050,051,', 7, 237, 232, 1116, 548, 567, 835, -0.000112592, -5.21483e-33, 1275, 78);
INSERT INTO t_marco_viv (id, ZONA_SUNAT, ubigeo, CCDD, Departamento, CCPP, Provincia, CCDI, Distrito, codccpp, nomccpp, nconglome1, zonas, mzna_ccpp, tot_mz_cp, totviv, totvivocup, totpobc, TMUJF, THOMBF, TPERSMAY14F, InclusionProbability_1, SampleWeightCumulative_1, PopulationSize_1, SampleSize_1) VALUES (6, 'LIMA ESTE', '150132', '15', 'LIMA', '01', 'LIMA', '32', 'SAN JUAN DE LURIGANCHO', '', 'SAN JUAN DE LURIGANCHO', 21889, '01502', '028,029B,030B,031A,032A,032B,033A,035,036,037A,038,039,040,041,042,043,', 16, 140, 137, 502, 250, 252, 327, -0.000112592, -5.21483e-33, 1275, 78);
INSERT INTO t_marco_viv (id, ZONA_SUNAT, ubigeo, CCDD, Departamento, CCPP, Provincia, CCDI, Distrito, codccpp, nomccpp, nconglome1, zonas, mzna_ccpp, tot_mz_cp, totviv, totvivocup, totpobc, TMUJF, THOMBF, TPERSMAY14F, InclusionProbability_1, SampleWeightCumulative_1, PopulationSize_1, SampleSize_1) VALUES (7, 'LIMA ESTE', '150132', '15', 'LIMA', '01', 'LIMA', '32', 'SAN JUAN DE LURIGANCHO', '', 'SAN JUAN DE LURIGANCHO', 21897, '01600', '039,041,042,043,044,045,', 6, 151, 150, 737, 375, 357, 537, -0.000112592, -5.21483e-33, 1275, 78);
INSERT INTO t_marco_viv (id, ZONA_SUNAT, ubigeo, CCDD, Departamento, CCPP, Provincia, CCDI, Distrito, codccpp, nomccpp, nconglome1, zonas, mzna_ccpp, tot_mz_cp, totviv, totvivocup, totpobc, TMUJF, THOMBF, TPERSMAY14F, InclusionProbability_1, SampleWeightCumulative_1, PopulationSize_1, SampleSize_1) VALUES (8, 'LIMA ESTE', '150132', '15', 'LIMA', '01', 'LIMA', '32', 'SAN JUAN DE LURIGANCHO', '', 'SAN JUAN DE LURIGANCHO', 21911, '01800', '011A,', 1, 131, 130, 728, 370, 358, 524, -0.000112592, -5.21483e-33, 1275, 78);
INSERT INTO t_marco_viv (id, ZONA_SUNAT, ubigeo, CCDD, Departamento, CCPP, Provincia, CCDI, Distrito, codccpp, nomccpp, nconglome1, zonas, mzna_ccpp, tot_mz_cp, totviv, totvivocup, totpobc, TMUJF, THOMBF, TPERSMAY14F, InclusionProbability_1, SampleWeightCumulative_1, PopulationSize_1, SampleSize_1) VALUES (9, 'LIMA ESTE', '150132', '15', 'LIMA', '01', 'LIMA', '32', 'SAN JUAN DE LURIGANCHO', '', 'SAN JUAN DE LURIGANCHO', 21916, '01800', '021,022,025,', 3, 146, 146, 730, 360, 367, 555, -0.000112592, -5.21483e-33, 1275, 78);
INSERT INTO t_marco_viv (id, ZONA_SUNAT, ubigeo, CCDD, Departamento, CCPP, Provincia, CCDI, Distrito, codccpp, nomccpp, nconglome1, zonas, mzna_ccpp, tot_mz_cp, totviv, totvivocup, totpobc, TMUJF, THOMBF, TPERSMAY14F, InclusionProbability_1, SampleWeightCumulative_1, PopulationSize_1, SampleSize_1) VALUES (10, 'LIMA ESTE', '150132', '15', 'LIMA', '01', 'LIMA', '32', 'SAN JUAN DE LURIGANCHO', '', 'SAN JUAN DE LURIGANCHO', 21974, '02500', '044,045,046C,047,047B,048,049,050A,050B,', 9, 169, 165, 762, 391, 371, 540, -0.000112592, -5.21483e-33, 1275, 78);
INSERT INTO t_marco_viv (id, ZONA_SUNAT, ubigeo, CCDD, Departamento, CCPP, Provincia, CCDI, Distrito, codccpp, nomccpp, nconglome1, zonas, mzna_ccpp, tot_mz_cp, totviv, totvivocup, totpobc, TMUJF, THOMBF, TPERSMAY14F, InclusionProbability_1, SampleWeightCumulative_1, PopulationSize_1, SampleSize_1) VALUES (11, 'LIMA ESTE', '150132', '15', 'LIMA', '01', 'LIMA', '32', 'SAN JUAN DE LURIGANCHO', '', 'SAN JUAN DE LURIGANCHO', 21993, '02700', '047,048,049,050,051,', 5, 124, 122, 626, 288, 332, 479, -0.000112592, -5.21483e-33, 1275, 78);
INSERT INTO t_marco_viv (id, ZONA_SUNAT, ubigeo, CCDD, Departamento, CCPP, Provincia, CCDI, Distrito, codccpp, nomccpp, nconglome1, zonas, mzna_ccpp, tot_mz_cp, totviv, totvivocup, totpobc, TMUJF, THOMBF, TPERSMAY14F, InclusionProbability_1, SampleWeightCumulative_1, PopulationSize_1, SampleSize_1) VALUES (12, 'LIMA ESTE', '150132', '15', 'LIMA', '01', 'LIMA', '32', 'SAN JUAN DE LURIGANCHO', '', 'SAN JUAN DE LURIGANCHO', 21998, '02800', '022,023,024,025,027,', 5, 147, 145, 637, 330, 306, 499, -0.000112592, -5.21483e-33, 1275, 78);
INSERT INTO t_marco_viv (id, ZONA_SUNAT, ubigeo, CCDD, Departamento, CCPP, Provincia, CCDI, Distrito, codccpp, nomccpp, nconglome1, zonas, mzna_ccpp, tot_mz_cp, totviv, totvivocup, totpobc, TMUJF, THOMBF, TPERSMAY14F, InclusionProbability_1, SampleWeightCumulative_1, PopulationSize_1, SampleSize_1) VALUES (13, 'LIMA ESTE', '150132', '15', 'LIMA', '01', 'LIMA', '32', 'SAN JUAN DE LURIGANCHO', '', 'SAN JUAN DE LURIGANCHO', 22005, '02900', '007,008,009,010,011,012,', 6, 158, 155, 700, 359, 337, 547, -0.000112592, -5.21483e-33, 1275, 78);
INSERT INTO t_marco_viv (id, ZONA_SUNAT, ubigeo, CCDD, Departamento, CCPP, Provincia, CCDI, Distrito, codccpp, nomccpp, nconglome1, zonas, mzna_ccpp, tot_mz_cp, totviv, totvivocup, totpobc, TMUJF, THOMBF, TPERSMAY14F, InclusionProbability_1, SampleWeightCumulative_1, PopulationSize_1, SampleSize_1) VALUES (14, 'LIMA ESTE', '150132', '15', 'LIMA', '01', 'LIMA', '32', 'SAN JUAN DE LURIGANCHO', '', 'SAN JUAN DE LURIGANCHO', 22026, '03100', '030,031,032,033,034,', 5, 154, 146, 614, 324, 289, 463, -0.000112592, -5.21483e-33, 1275, 78);
INSERT INTO t_marco_viv (id, ZONA_SUNAT, ubigeo, CCDD, Departamento, CCPP, Provincia, CCDI, Distrito, codccpp, nomccpp, nconglome1, zonas, mzna_ccpp, tot_mz_cp, totviv, totvivocup, totpobc, TMUJF, THOMBF, TPERSMAY14F, InclusionProbability_1, SampleWeightCumulative_1, PopulationSize_1, SampleSize_1) VALUES (15, 'LIMA ESTE', '150132', '15', 'LIMA', '01', 'LIMA', '32', 'SAN JUAN DE LURIGANCHO', '', 'SAN JUAN DE LURIGANCHO', 22035, '03201', '055,056,057,058,059,060,060A,061,062,063,063A,063B,063C,', 13, 157, 156, 518, 236, 282, 350, -0.000112592, -5.21483e-33, 1275, 78);
INSERT INTO t_marco_viv (id, ZONA_SUNAT, ubigeo, CCDD, Departamento, CCPP, Provincia, CCDI, Distrito, codccpp, nomccpp, nconglome1, zonas, mzna_ccpp, tot_mz_cp, totviv, totvivocup, totpobc, TMUJF, THOMBF, TPERSMAY14F, InclusionProbability_1, SampleWeightCumulative_1, PopulationSize_1, SampleSize_1) VALUES (16, 'LIMA ESTE', '150132', '15', 'LIMA', '01', 'LIMA', '32', 'SAN JUAN DE LURIGANCHO', '', 'SAN JUAN DE LURIGANCHO', 22040, '03202', '048,049,049A,050,051,051A,', 6, 84, 79, 225, 104, 121, 147, -0.000112592, -5.21483e-33, 1275, 78);
INSERT INTO t_marco_viv (id, ZONA_SUNAT, ubigeo, CCDD, Departamento, CCPP, Provincia, CCDI, Distrito, codccpp, nomccpp, nconglome1, zonas, mzna_ccpp, tot_mz_cp, totviv, totvivocup, totpobc, TMUJF, THOMBF, TPERSMAY14F, InclusionProbability_1, SampleWeightCumulative_1, PopulationSize_1, SampleSize_1) VALUES (17, 'LIMA ESTE', '150132', '15', 'LIMA', '01', 'LIMA', '32', 'SAN JUAN DE LURIGANCHO', '', 'SAN JUAN DE LURIGANCHO', 22063, '03500', '025,026,028,029,030,031,', 6, 144, 143, 829, 414, 414, 623, -0.000112592, -5.21483e-33, 1275, 78);
INSERT INTO t_marco_viv (id, ZONA_SUNAT, ubigeo, CCDD, Departamento, CCPP, Provincia, CCDI, Distrito, codccpp, nomccpp, nconglome1, zonas, mzna_ccpp, tot_mz_cp, totviv, totvivocup, totpobc, TMUJF, THOMBF, TPERSMAY14F, InclusionProbability_1, SampleWeightCumulative_1, PopulationSize_1, SampleSize_1) VALUES (18, 'LIMA ESTE', '150132', '15', 'LIMA', '01', 'LIMA', '32', 'SAN JUAN DE LURIGANCHO', '', 'SAN JUAN DE LURIGANCHO', 22090, '03900', '004B,004C,005,005A,006,006A,007A,007B,007C,009A,011,011A,011C,015A,015B,', 15, 153, 153, 596, 294, 301, 391, -0.000112592, -5.21483e-33, 1275, 78);
INSERT INTO t_marco_viv (id, ZONA_SUNAT, ubigeo, CCDD, Departamento, CCPP, Provincia, CCDI, Distrito, codccpp, nomccpp, nconglome1, zonas, mzna_ccpp, tot_mz_cp, totviv, totvivocup, totpobc, TMUJF, THOMBF, TPERSMAY14F, InclusionProbability_1, SampleWeightCumulative_1, PopulationSize_1, SampleSize_1) VALUES (19, 'LIMA ESTE', '150132', '15', 'LIMA', '01', 'LIMA', '32', 'SAN JUAN DE LURIGANCHO', '', 'SAN JUAN DE LURIGANCHO', 22100, '04000', '034,035,036,037,038,039,040,', 7, 153, 153, 745, 366, 378, 555, -0.000112592, -5.21483e-33, 1275, 78);
INSERT INTO t_marco_viv (id, ZONA_SUNAT, ubigeo, CCDD, Departamento, CCPP, Provincia, CCDI, Distrito, codccpp, nomccpp, nconglome1, zonas, mzna_ccpp, tot_mz_cp, totviv, totvivocup, totpobc, TMUJF, THOMBF, TPERSMAY14F, InclusionProbability_1, SampleWeightCumulative_1, PopulationSize_1, SampleSize_1) VALUES (20, 'LIMA ESTE', '150132', '15', 'LIMA', '01', 'LIMA', '32', 'SAN JUAN DE LURIGANCHO', '', 'SAN JUAN DE LURIGANCHO', 22133, '04500', '018B,019A,019B,020A,020B,020C,020D,023,023A,024,025,026,027,028,028A,029,030,031,032,033A,033B,034A,034B,037H,037I,', 25, 155, 145, 584, 299, 285, 404, -0.000112592, -5.21483e-33, 1275, 78);
INSERT INTO t_marco_viv (id, ZONA_SUNAT, ubigeo, CCDD, Departamento, CCPP, Provincia, CCDI, Distrito, codccpp, nomccpp, nconglome1, zonas, mzna_ccpp, tot_mz_cp, totviv, totvivocup, totpobc, TMUJF, THOMBF, TPERSMAY14F, InclusionProbability_1, SampleWeightCumulative_1, PopulationSize_1, SampleSize_1) VALUES (21, 'LIMA ESTE', '150132', '15', 'LIMA', '01', 'LIMA', '32', 'SAN JUAN DE LURIGANCHO', '', 'SAN JUAN DE LURIGANCHO', 22151, '04700', '053,054,055,056,058,059,', 6, 201, 201, 1146, 555, 587, 859, -0.000112592, -5.21483e-33, 1275, 78);
INSERT INTO t_marco_viv (id, ZONA_SUNAT, ubigeo, CCDD, Departamento, CCPP, Provincia, CCDI, Distrito, codccpp, nomccpp, nconglome1, zonas, mzna_ccpp, tot_mz_cp, totviv, totvivocup, totpobc, TMUJF, THOMBF, TPERSMAY14F, InclusionProbability_1, SampleWeightCumulative_1, PopulationSize_1, SampleSize_1) VALUES (22, 'LIMA ESTE', '150132', '15', 'LIMA', '01', 'LIMA', '32', 'SAN JUAN DE LURIGANCHO', '', 'SAN JUAN DE LURIGANCHO', 22165, '04900', '025,026,027,028,029,', 5, 156, 153, 678, 340, 338, 515, -0.000112592, -5.21483e-33, 1275, 78);
INSERT INTO t_marco_viv (id, ZONA_SUNAT, ubigeo, CCDD, Departamento, CCPP, Provincia, CCDI, Distrito, codccpp, nomccpp, nconglome1, zonas, mzna_ccpp, tot_mz_cp, totviv, totvivocup, totpobc, TMUJF, THOMBF, TPERSMAY14F, InclusionProbability_1, SampleWeightCumulative_1, PopulationSize_1, SampleSize_1) VALUES (23, 'LIMA ESTE', '150132', '15', 'LIMA', '01', 'LIMA', '32', 'SAN JUAN DE LURIGANCHO', '', 'SAN JUAN DE LURIGANCHO', 22170, '05000', '001,002,003,004,', 4, 140, 139, 720, 336, 383, 543, -0.000112592, -5.21483e-33, 1275, 78);
INSERT INTO t_marco_viv (id, ZONA_SUNAT, ubigeo, CCDD, Departamento, CCPP, Provincia, CCDI, Distrito, codccpp, nomccpp, nconglome1, zonas, mzna_ccpp, tot_mz_cp, totviv, totvivocup, totpobc, TMUJF, THOMBF, TPERSMAY14F, InclusionProbability_1, SampleWeightCumulative_1, PopulationSize_1, SampleSize_1) VALUES (24, 'LIMA ESTE', '150132', '15', 'LIMA', '01', 'LIMA', '32', 'SAN JUAN DE LURIGANCHO', '', 'SAN JUAN DE LURIGANCHO', 22174, '05000', '021A,021B,021C,023A,024A,032B,038A,038B,038C,038E,038F,038G,038H,038I,038K,', 15, 145, 131, 482, 251, 228, 321, -0.000112592, -5.21483e-33, 1275, 78);
INSERT INTO t_marco_viv (id, ZONA_SUNAT, ubigeo, CCDD, Departamento, CCPP, Provincia, CCDI, Distrito, codccpp, nomccpp, nconglome1, zonas, mzna_ccpp, tot_mz_cp, totviv, totvivocup, totpobc, TMUJF, THOMBF, TPERSMAY14F, InclusionProbability_1, SampleWeightCumulative_1, PopulationSize_1, SampleSize_1) VALUES (25, 'LIMA ESTE', '150132', '15', 'LIMA', '01', 'LIMA', '32', 'SAN JUAN DE LURIGANCHO', '', 'SAN JUAN DE LURIGANCHO', 22185, '05100', '015,016,017,018,019,019A,019B,019E,019F,019H,019I,', 11, 147, 144, 447, 210, 237, 284, -0.000112592, -5.21483e-33, 1275, 78);
INSERT INTO t_marco_viv (id, ZONA_SUNAT, ubigeo, CCDD, Departamento, CCPP, Provincia, CCDI, Distrito, codccpp, nomccpp, nconglome1, zonas, mzna_ccpp, tot_mz_cp, totviv, totvivocup, totpobc, TMUJF, THOMBF, TPERSMAY14F, InclusionProbability_1, SampleWeightCumulative_1, PopulationSize_1, SampleSize_1) VALUES (26, 'LIMA ESTE', '150132', '15', 'LIMA', '01', 'LIMA', '32', 'SAN JUAN DE LURIGANCHO', '', 'SAN JUAN DE LURIGANCHO', 22196, '05201', '035A,036A,037,038,039,', 5, 93, 92, 448, 233, 215, 306, -0.000112592, -5.21483e-33, 1275, 78);
INSERT INTO t_marco_viv (id, ZONA_SUNAT, ubigeo, CCDD, Departamento, CCPP, Provincia, CCDI, Distrito, codccpp, nomccpp, nconglome1, zonas, mzna_ccpp, tot_mz_cp, totviv, totvivocup, totpobc, TMUJF, THOMBF, TPERSMAY14F, InclusionProbability_1, SampleWeightCumulative_1, PopulationSize_1, SampleSize_1) VALUES (27, 'LIMA ESTE', '150132', '15', 'LIMA', '01', 'LIMA', '32', 'SAN JUAN DE LURIGANCHO', '', 'SAN JUAN DE LURIGANCHO', 22198, '05202', '022,023,024,025,026,027,028A,', 7, 148, 143, 617, 304, 313, 402, -0.000112592, -5.21483e-33, 1275, 78);
INSERT INTO t_marco_viv (id, ZONA_SUNAT, ubigeo, CCDD, Departamento, CCPP, Provincia, CCDI, Distrito, codccpp, nomccpp, nconglome1, zonas, mzna_ccpp, tot_mz_cp, totviv, totvivocup, totpobc, TMUJF, THOMBF, TPERSMAY14F, InclusionProbability_1, SampleWeightCumulative_1, PopulationSize_1, SampleSize_1) VALUES (28, 'LIMA ESTE', '150132', '15', 'LIMA', '01', 'LIMA', '32', 'SAN JUAN DE LURIGANCHO', '', 'SAN JUAN DE LURIGANCHO', 22202, '05301', '010,011,012,013,015,', 5, 148, 145, 791, 404, 387, 631, -0.000112592, -5.21483e-33, 1275, 78);
INSERT INTO t_marco_viv (id, ZONA_SUNAT, ubigeo, CCDD, Departamento, CCPP, Provincia, CCDI, Distrito, codccpp, nomccpp, nconglome1, zonas, mzna_ccpp, tot_mz_cp, totviv, totvivocup, totpobc, TMUJF, THOMBF, TPERSMAY14F, InclusionProbability_1, SampleWeightCumulative_1, PopulationSize_1, SampleSize_1) VALUES (29, 'LIMA ESTE', '150132', '15', 'LIMA', '01', 'LIMA', '32', 'SAN JUAN DE LURIGANCHO', '', 'SAN JUAN DE LURIGANCHO', 22211, '05302', '039B,040A,040B,041A,041B,042A,042B,043A,043B,043C,044A,044B,044C,', 13, 90, 86, 316, 160, 156, 186, -0.000112592, -5.21483e-33, 1275, 78);
INSERT INTO t_marco_viv (id, ZONA_SUNAT, ubigeo, CCDD, Departamento, CCPP, Provincia, CCDI, Distrito, codccpp, nomccpp, nconglome1, zonas, mzna_ccpp, tot_mz_cp, totviv, totvivocup, totpobc, TMUJF, THOMBF, TPERSMAY14F, InclusionProbability_1, SampleWeightCumulative_1, PopulationSize_1, SampleSize_1) VALUES (30, 'LIMA ESTE', '150132', '15', 'LIMA', '01', 'LIMA', '32', 'SAN JUAN DE LURIGANCHO', '', 'SAN JUAN DE LURIGANCHO', 22236, '05600', '051,052,053,054,055,', 5, 194, 193, 935, 467, 466, 706, -0.000112592, -5.21483e-33, 1275, 78);
INSERT INTO t_marco_viv (id, ZONA_SUNAT, ubigeo, CCDD, Departamento, CCPP, Provincia, CCDI, Distrito, codccpp, nomccpp, nconglome1, zonas, mzna_ccpp, tot_mz_cp, totviv, totvivocup, totpobc, TMUJF, THOMBF, TPERSMAY14F, InclusionProbability_1, SampleWeightCumulative_1, PopulationSize_1, SampleSize_1) VALUES (31, 'LIMA ESTE', '150132', '15', 'LIMA', '01', 'LIMA', '32', 'SAN JUAN DE LURIGANCHO', '', 'SAN JUAN DE LURIGANCHO', 22245, '05700', '042,044,045,046,', 4, 159, 158, 789, 392, 395, 615, -0.000112592, -5.21483e-33, 1275, 78);
INSERT INTO t_marco_viv (id, ZONA_SUNAT, ubigeo, CCDD, Departamento, CCPP, Provincia, CCDI, Distrito, codccpp, nomccpp, nconglome1, zonas, mzna_ccpp, tot_mz_cp, totviv, totvivocup, totpobc, TMUJF, THOMBF, TPERSMAY14F, InclusionProbability_1, SampleWeightCumulative_1, PopulationSize_1, SampleSize_1) VALUES (32, 'LIMA ESTE', '150132', '15', 'LIMA', '01', 'LIMA', '32', 'SAN JUAN DE LURIGANCHO', '', 'SAN JUAN DE LURIGANCHO', 22257, '05900', '033A,033B,033E,033F,035,035A,035B,036,037,038,', 10, 140, 133, 540, 276, 264, 328, -0.000112592, -5.21483e-33, 1275, 78);
INSERT INTO t_marco_viv (id, ZONA_SUNAT, ubigeo, CCDD, Departamento, CCPP, Provincia, CCDI, Distrito, codccpp, nomccpp, nconglome1, zonas, mzna_ccpp, tot_mz_cp, totviv, totvivocup, totpobc, TMUJF, THOMBF, TPERSMAY14F, InclusionProbability_1, SampleWeightCumulative_1, PopulationSize_1, SampleSize_1) VALUES (33, 'LIMA ESTE', '150132', '15', 'LIMA', '01', 'LIMA', '32', 'SAN JUAN DE LURIGANCHO', '', 'SAN JUAN DE LURIGANCHO', 22293, '06300', '054,055,056,057,058,059,', 6, 155, 155, 838, 428, 409, 639, -0.000112592, -5.21483e-33, 1275, 78);
INSERT INTO t_marco_viv (id, ZONA_SUNAT, ubigeo, CCDD, Departamento, CCPP, Provincia, CCDI, Distrito, codccpp, nomccpp, nconglome1, zonas, mzna_ccpp, tot_mz_cp, totviv, totvivocup, totpobc, TMUJF, THOMBF, TPERSMAY14F, InclusionProbability_1, SampleWeightCumulative_1, PopulationSize_1, SampleSize_1) VALUES (34, 'LIMA ESTE', '150132', '15', 'LIMA', '01', 'LIMA', '32', 'SAN JUAN DE LURIGANCHO', '', 'SAN JUAN DE LURIGANCHO', 22306, '06500', '005,006,007,', 3, 170, 168, 833, 436, 397, 635, -0.000112592, -5.21483e-33, 1275, 78);
INSERT INTO t_marco_viv (id, ZONA_SUNAT, ubigeo, CCDD, Departamento, CCPP, Provincia, CCDI, Distrito, codccpp, nomccpp, nconglome1, zonas, mzna_ccpp, tot_mz_cp, totviv, totvivocup, totpobc, TMUJF, THOMBF, TPERSMAY14F, InclusionProbability_1, SampleWeightCumulative_1, PopulationSize_1, SampleSize_1) VALUES (35, 'LIMA ESTE', '150132', '15', 'LIMA', '01', 'LIMA', '32', 'SAN JUAN DE LURIGANCHO', '', 'SAN JUAN DE LURIGANCHO', 22316, '06600', '017G,017H,017I,019B,019C,023,024,025,027,028,029,029A,030,031,', 14, 146, 136, 596, 292, 304, 410, -0.000112592, -5.21483e-33, 1275, 78);
INSERT INTO t_marco_viv (id, ZONA_SUNAT, ubigeo, CCDD, Departamento, CCPP, Provincia, CCDI, Distrito, codccpp, nomccpp, nconglome1, zonas, mzna_ccpp, tot_mz_cp, totviv, totvivocup, totpobc, TMUJF, THOMBF, TPERSMAY14F, InclusionProbability_1, SampleWeightCumulative_1, PopulationSize_1, SampleSize_1) VALUES (36, 'LIMA ESTE', '150132', '15', 'LIMA', '01', 'LIMA', '32', 'SAN JUAN DE LURIGANCHO', '', 'SAN JUAN DE LURIGANCHO', 22341, '06900', '035,036,037,038,038C,038D,039,', 7, 152, 152, 681, 327, 353, 506, -0.000112592, -5.21483e-33, 1275, 78);
INSERT INTO t_marco_viv (id, ZONA_SUNAT, ubigeo, CCDD, Departamento, CCPP, Provincia, CCDI, Distrito, codccpp, nomccpp, nconglome1, zonas, mzna_ccpp, tot_mz_cp, totviv, totvivocup, totpobc, TMUJF, THOMBF, TPERSMAY14F, InclusionProbability_1, SampleWeightCumulative_1, PopulationSize_1, SampleSize_1) VALUES (37, 'LIMA ESTE', '150132', '15', 'LIMA', '01', 'LIMA', '32', 'SAN JUAN DE LURIGANCHO', '', 'SAN JUAN DE LURIGANCHO', 22388, '07500', '012,013,014,', 3, 142, 142, 649, 310, 338, 497, -0.000112592, -5.21483e-33, 1275, 78);
INSERT INTO t_marco_viv (id, ZONA_SUNAT, ubigeo, CCDD, Departamento, CCPP, Provincia, CCDI, Distrito, codccpp, nomccpp, nconglome1, zonas, mzna_ccpp, tot_mz_cp, totviv, totvivocup, totpobc, TMUJF, THOMBF, TPERSMAY14F, InclusionProbability_1, SampleWeightCumulative_1, PopulationSize_1, SampleSize_1) VALUES (38, 'LIMA ESTE', '150132', '15', 'LIMA', '01', 'LIMA', '32', 'SAN JUAN DE LURIGANCHO', '', 'SAN JUAN DE LURIGANCHO', 22404, '07700', '002S,002T,002V,002W,002Y,002Z,003B,003E,003F,003G,005C,005D,005E,005F,006,007,', 16, 156, 156, 492, 248, 244, 322, -0.000112592, -5.21483e-33, 1275, 78);
INSERT INTO t_marco_viv (id, ZONA_SUNAT, ubigeo, CCDD, Departamento, CCPP, Provincia, CCDI, Distrito, codccpp, nomccpp, nconglome1, zonas, mzna_ccpp, tot_mz_cp, totviv, totvivocup, totpobc, TMUJF, THOMBF, TPERSMAY14F, InclusionProbability_1, SampleWeightCumulative_1, PopulationSize_1, SampleSize_1) VALUES (39, 'LIMA ESTE', '150132', '15', 'LIMA', '01', 'LIMA', '32', 'SAN JUAN DE LURIGANCHO', '', 'SAN JUAN DE LURIGANCHO', 22425, '07900', '024,026,027,028,029,', 5, 160, 159, 825, 401, 418, 652, -0.000112592, -5.21483e-33, 1275, 78);
INSERT INTO t_marco_viv (id, ZONA_SUNAT, ubigeo, CCDD, Departamento, CCPP, Provincia, CCDI, Distrito, codccpp, nomccpp, nconglome1, zonas, mzna_ccpp, tot_mz_cp, totviv, totvivocup, totpobc, TMUJF, THOMBF, TPERSMAY14F, InclusionProbability_1, SampleWeightCumulative_1, PopulationSize_1, SampleSize_1) VALUES (40, 'LIMA ESTE', '150132', '15', 'LIMA', '01', 'LIMA', '32', 'SAN JUAN DE LURIGANCHO', '', 'SAN JUAN DE LURIGANCHO', 22437, '08000', '047D,052,053,055,', 4, 150, 133, 551, 260, 287, 404, -0.000112592, -5.21483e-33, 1275, 78);
INSERT INTO t_marco_viv (id, ZONA_SUNAT, ubigeo, CCDD, Departamento, CCPP, Provincia, CCDI, Distrito, codccpp, nomccpp, nconglome1, zonas, mzna_ccpp, tot_mz_cp, totviv, totvivocup, totpobc, TMUJF, THOMBF, TPERSMAY14F, InclusionProbability_1, SampleWeightCumulative_1, PopulationSize_1, SampleSize_1) VALUES (41, 'LIMA ESTE', '150132', '15', 'LIMA', '01', 'LIMA', '32', 'SAN JUAN DE LURIGANCHO', '', 'SAN JUAN DE LURIGANCHO', 22440, '08100', '005C,009,009E,012,013,015A,015C,015D,017,019,020A,020B,020C,020D,', 14, 141, 135, 512, 261, 251, 334, -0.000112592, -5.21483e-33, 1275, 78);
INSERT INTO t_marco_viv (id, ZONA_SUNAT, ubigeo, CCDD, Departamento, CCPP, Provincia, CCDI, Distrito, codccpp, nomccpp, nconglome1, zonas, mzna_ccpp, tot_mz_cp, totviv, totvivocup, totpobc, TMUJF, THOMBF, TPERSMAY14F, InclusionProbability_1, SampleWeightCumulative_1, PopulationSize_1, SampleSize_1) VALUES (42, 'LIMA ESTE', '150132', '15', 'LIMA', '01', 'LIMA', '32', 'SAN JUAN DE LURIGANCHO', '', 'SAN JUAN DE LURIGANCHO', 22456, '08300', '039,039A,039C,039G,039L,039M,039N,039O,039P,039Q,', 10, 144, 142, 595, 298, 293, 404, -0.000112592, -5.21483e-33, 1275, 78);
INSERT INTO t_marco_viv (id, ZONA_SUNAT, ubigeo, CCDD, Departamento, CCPP, Provincia, CCDI, Distrito, codccpp, nomccpp, nconglome1, zonas, mzna_ccpp, tot_mz_cp, totviv, totvivocup, totpobc, TMUJF, THOMBF, TPERSMAY14F, InclusionProbability_1, SampleWeightCumulative_1, PopulationSize_1, SampleSize_1) VALUES (43, 'LIMA ESTE', '150132', '15', 'LIMA', '01', 'LIMA', '32', 'SAN JUAN DE LURIGANCHO', '', 'SAN JUAN DE LURIGANCHO', 22476, '08600', '008,009,010,012,', 4, 173, 168, 880, 440, 433, 686, -0.000112592, -5.21483e-33, 1275, 78);
INSERT INTO t_marco_viv (id, ZONA_SUNAT, ubigeo, CCDD, Departamento, CCPP, Provincia, CCDI, Distrito, codccpp, nomccpp, nconglome1, zonas, mzna_ccpp, tot_mz_cp, totviv, totvivocup, totpobc, TMUJF, THOMBF, TPERSMAY14F, InclusionProbability_1, SampleWeightCumulative_1, PopulationSize_1, SampleSize_1) VALUES (44, 'LIMA ESTE', '150132', '15', 'LIMA', '01', 'LIMA', '32', 'SAN JUAN DE LURIGANCHO', '', 'SAN JUAN DE LURIGANCHO', 22496, '08700', '019,020,021,', 3, 155, 151, 761, 391, 370, 590, -0.000112592, -5.21483e-33, 1275, 78);
INSERT INTO t_marco_viv (id, ZONA_SUNAT, ubigeo, CCDD, Departamento, CCPP, Provincia, CCDI, Distrito, codccpp, nomccpp, nconglome1, zonas, mzna_ccpp, tot_mz_cp, totviv, totvivocup, totpobc, TMUJF, THOMBF, TPERSMAY14F, InclusionProbability_1, SampleWeightCumulative_1, PopulationSize_1, SampleSize_1) VALUES (45, 'LIMA ESTE', '150132', '15', 'LIMA', '01', 'LIMA', '32', 'SAN JUAN DE LURIGANCHO', '', 'SAN JUAN DE LURIGANCHO', 22517, '08900', '015,016A,017,018,019,020C,021C,', 7, 172, 168, 781, 385, 394, 546, -0.000112592, -5.21483e-33, 1275, 78);
INSERT INTO t_marco_viv (id, ZONA_SUNAT, ubigeo, CCDD, Departamento, CCPP, Provincia, CCDI, Distrito, codccpp, nomccpp, nconglome1, zonas, mzna_ccpp, tot_mz_cp, totviv, totvivocup, totpobc, TMUJF, THOMBF, TPERSMAY14F, InclusionProbability_1, SampleWeightCumulative_1, PopulationSize_1, SampleSize_1) VALUES (46, 'LIMA ESTE', '150132', '15', 'LIMA', '01', 'LIMA', '32', 'SAN JUAN DE LURIGANCHO', '', 'SAN JUAN DE LURIGANCHO', 22518, '08900', '022,024,025,026,028,029,030,031,031A,', 9, 152, 151, 716, 367, 346, 533, -0.000112592, -5.21483e-33, 1275, 78);
INSERT INTO t_marco_viv (id, ZONA_SUNAT, ubigeo, CCDD, Departamento, CCPP, Provincia, CCDI, Distrito, codccpp, nomccpp, nconglome1, zonas, mzna_ccpp, tot_mz_cp, totviv, totvivocup, totpobc, TMUJF, THOMBF, TPERSMAY14F, InclusionProbability_1, SampleWeightCumulative_1, PopulationSize_1, SampleSize_1) VALUES (47, 'LIMA ESTE', '150132', '15', 'LIMA', '01', 'LIMA', '32', 'SAN JUAN DE LURIGANCHO', '', 'SAN JUAN DE LURIGANCHO', 22523, '09000', '001,002,003A,005,006,007,008,009,', 8, 188, 188, 998, 479, 517, 767, -0.000112592, -5.21483e-33, 1275, 78);
INSERT INTO t_marco_viv (id, ZONA_SUNAT, ubigeo, CCDD, Departamento, CCPP, Provincia, CCDI, Distrito, codccpp, nomccpp, nconglome1, zonas, mzna_ccpp, tot_mz_cp, totviv, totvivocup, totpobc, TMUJF, THOMBF, TPERSMAY14F, InclusionProbability_1, SampleWeightCumulative_1, PopulationSize_1, SampleSize_1) VALUES (48, 'LIMA ESTE', '150132', '15', 'LIMA', '01', 'LIMA', '32', 'SAN JUAN DE LURIGANCHO', '', 'SAN JUAN DE LURIGANCHO', 22533, '09100', '020,021,022,023,', 4, 216, 215, 1036, 507, 522, 812, -0.000112592, -5.21483e-33, 1275, 78);
INSERT INTO t_marco_viv (id, ZONA_SUNAT, ubigeo, CCDD, Departamento, CCPP, Provincia, CCDI, Distrito, codccpp, nomccpp, nconglome1, zonas, mzna_ccpp, tot_mz_cp, totviv, totvivocup, totpobc, TMUJF, THOMBF, TPERSMAY14F, InclusionProbability_1, SampleWeightCumulative_1, PopulationSize_1, SampleSize_1) VALUES (49, 'LIMA ESTE', '150132', '15', 'LIMA', '01', 'LIMA', '32', 'SAN JUAN DE LURIGANCHO', '', 'SAN JUAN DE LURIGANCHO', 22540, '09100', '038,039,040,', 3, 152, 151, 609, 277, 329, 455, -0.000112592, -5.21483e-33, 1275, 78);
INSERT INTO t_marco_viv (id, ZONA_SUNAT, ubigeo, CCDD, Departamento, CCPP, Provincia, CCDI, Distrito, codccpp, nomccpp, nconglome1, zonas, mzna_ccpp, tot_mz_cp, totviv, totvivocup, totpobc, TMUJF, THOMBF, TPERSMAY14F, InclusionProbability_1, SampleWeightCumulative_1, PopulationSize_1, SampleSize_1) VALUES (50, 'LIMA ESTE', '150132', '15', 'LIMA', '01', 'LIMA', '32', 'SAN JUAN DE LURIGANCHO', '', 'SAN JUAN DE LURIGANCHO', 22549, '09200', '015B,016,017,', 3, 141, 138, 591, 306, 280, 447, -0.000112592, -5.21483e-33, 1275, 78);
INSERT INTO t_marco_viv (id, ZONA_SUNAT, ubigeo, CCDD, Departamento, CCPP, Provincia, CCDI, Distrito, codccpp, nomccpp, nconglome1, zonas, mzna_ccpp, tot_mz_cp, totviv, totvivocup, totpobc, TMUJF, THOMBF, TPERSMAY14F, InclusionProbability_1, SampleWeightCumulative_1, PopulationSize_1, SampleSize_1) VALUES (51, 'LIMA ESTE', '150132', '15', 'LIMA', '01', 'LIMA', '32', 'SAN JUAN DE LURIGANCHO', '', 'SAN JUAN DE LURIGANCHO', 22557, '09200', '044,046,047,', 3, 146, 143, 636, 330, 306, 479, -0.000112592, -5.21483e-33, 1275, 78);
INSERT INTO t_marco_viv (id, ZONA_SUNAT, ubigeo, CCDD, Departamento, CCPP, Provincia, CCDI, Distrito, codccpp, nomccpp, nconglome1, zonas, mzna_ccpp, tot_mz_cp, totviv, totvivocup, totpobc, TMUJF, THOMBF, TPERSMAY14F, InclusionProbability_1, SampleWeightCumulative_1, PopulationSize_1, SampleSize_1) VALUES (52, 'LIMA ESTE', '150132', '15', 'LIMA', '01', 'LIMA', '32', 'SAN JUAN DE LURIGANCHO', '', 'SAN JUAN DE LURIGANCHO', 22574, '09500', '008,009,010A,012,012A,014A,014B,016A,016B,016C,017,017A,017B,017C,018,', 15, 160, 156, 744, 368, 376, 525, -0.000112592, -5.21483e-33, 1275, 78);
INSERT INTO t_marco_viv (id, ZONA_SUNAT, ubigeo, CCDD, Departamento, CCPP, Provincia, CCDI, Distrito, codccpp, nomccpp, nconglome1, zonas, mzna_ccpp, tot_mz_cp, totviv, totvivocup, totpobc, TMUJF, THOMBF, TPERSMAY14F, InclusionProbability_1, SampleWeightCumulative_1, PopulationSize_1, SampleSize_1) VALUES (53, 'LIMA ESTE', '150132', '15', 'LIMA', '01', 'LIMA', '32', 'SAN JUAN DE LURIGANCHO', '', 'SAN JUAN DE LURIGANCHO', 22587, '09600', '036,037,038,039,', 4, 153, 153, 793, 392, 400, 606, -0.000112592, -5.21483e-33, 1275, 78);
INSERT INTO t_marco_viv (id, ZONA_SUNAT, ubigeo, CCDD, Departamento, CCPP, Provincia, CCDI, Distrito, codccpp, nomccpp, nconglome1, zonas, mzna_ccpp, tot_mz_cp, totviv, totvivocup, totpobc, TMUJF, THOMBF, TPERSMAY14F, InclusionProbability_1, SampleWeightCumulative_1, PopulationSize_1, SampleSize_1) VALUES (54, 'LIMA ESTE', '150132', '15', 'LIMA', '01', 'LIMA', '32', 'SAN JUAN DE LURIGANCHO', '', 'SAN JUAN DE LURIGANCHO', 22589, '09600', '044,045A,046,', 3, 149, 146, 766, 383, 382, 587, -0.000112592, -5.21483e-33, 1275, 78);
INSERT INTO t_marco_viv (id, ZONA_SUNAT, ubigeo, CCDD, Departamento, CCPP, Provincia, CCDI, Distrito, codccpp, nomccpp, nconglome1, zonas, mzna_ccpp, tot_mz_cp, totviv, totvivocup, totpobc, TMUJF, THOMBF, TPERSMAY14F, InclusionProbability_1, SampleWeightCumulative_1, PopulationSize_1, SampleSize_1) VALUES (55, 'LIMA ESTE', '150132', '15', 'LIMA', '01', 'LIMA', '32', 'SAN JUAN DE LURIGANCHO', '', 'SAN JUAN DE LURIGANCHO', 22594, '09700', '008A,009,010,011,', 4, 186, 186, 857, 425, 431, 661, -0.000112592, -5.21483e-33, 1275, 78);
INSERT INTO t_marco_viv (id, ZONA_SUNAT, ubigeo, CCDD, Departamento, CCPP, Provincia, CCDI, Distrito, codccpp, nomccpp, nconglome1, zonas, mzna_ccpp, tot_mz_cp, totviv, totvivocup, totpobc, TMUJF, THOMBF, TPERSMAY14F, InclusionProbability_1, SampleWeightCumulative_1, PopulationSize_1, SampleSize_1) VALUES (56, 'LIMA ESTE', '150132', '15', 'LIMA', '01', 'LIMA', '32', 'SAN JUAN DE LURIGANCHO', '', 'SAN JUAN DE LURIGANCHO', 22611, '09800', '007,008,', 2, 145, 133, 475, 246, 228, 375, -0.000112592, -5.21483e-33, 1275, 78);
INSERT INTO t_marco_viv (id, ZONA_SUNAT, ubigeo, CCDD, Departamento, CCPP, Provincia, CCDI, Distrito, codccpp, nomccpp, nconglome1, zonas, mzna_ccpp, tot_mz_cp, totviv, totvivocup, totpobc, TMUJF, THOMBF, TPERSMAY14F, InclusionProbability_1, SampleWeightCumulative_1, PopulationSize_1, SampleSize_1) VALUES (57, 'LIMA ESTE', '150132', '15', 'LIMA', '01', 'LIMA', '32', 'SAN JUAN DE LURIGANCHO', '', 'SAN JUAN DE LURIGANCHO', 22613, '09800', '012,013,014,015,', 4, 183, 180, 772, 419, 343, 624, -0.000112592, -5.21483e-33, 1275, 78);
INSERT INTO t_marco_viv (id, ZONA_SUNAT, ubigeo, CCDD, Departamento, CCPP, Provincia, CCDI, Distrito, codccpp, nomccpp, nconglome1, zonas, mzna_ccpp, tot_mz_cp, totviv, totvivocup, totpobc, TMUJF, THOMBF, TPERSMAY14F, InclusionProbability_1, SampleWeightCumulative_1, PopulationSize_1, SampleSize_1) VALUES (58, 'LIMA ESTE', '150132', '15', 'LIMA', '01', 'LIMA', '32', 'SAN JUAN DE LURIGANCHO', '', 'SAN JUAN DE LURIGANCHO', 22645, '10100', '007B,008,009,010A,011,012,013,014,016,017,', 10, 142, 141, 643, 309, 334, 459, -0.000112592, -5.21483e-33, 1275, 78);
INSERT INTO t_marco_viv (id, ZONA_SUNAT, ubigeo, CCDD, Departamento, CCPP, Provincia, CCDI, Distrito, codccpp, nomccpp, nconglome1, zonas, mzna_ccpp, tot_mz_cp, totviv, totvivocup, totpobc, TMUJF, THOMBF, TPERSMAY14F, InclusionProbability_1, SampleWeightCumulative_1, PopulationSize_1, SampleSize_1) VALUES (59, 'LIMA ESTE', '150132', '15', 'LIMA', '01', 'LIMA', '32', 'SAN JUAN DE LURIGANCHO', '', 'SAN JUAN DE LURIGANCHO', 22680, '10400', '044,045,046,', 3, 144, 143, 734, 366, 361, 578, -0.000112592, -5.21483e-33, 1275, 78);
INSERT INTO t_marco_viv (id, ZONA_SUNAT, ubigeo, CCDD, Departamento, CCPP, Provincia, CCDI, Distrito, codccpp, nomccpp, nconglome1, zonas, mzna_ccpp, tot_mz_cp, totviv, totvivocup, totpobc, TMUJF, THOMBF, TPERSMAY14F, InclusionProbability_1, SampleWeightCumulative_1, PopulationSize_1, SampleSize_1) VALUES (60, 'LIMA ESTE', '150132', '15', 'LIMA', '01', 'LIMA', '32', 'SAN JUAN DE LURIGANCHO', '', 'SAN JUAN DE LURIGANCHO', 22716, '10700', '001,002,', 2, 163, 160, 718, 374, 343, 548, -0.000112592, -5.21483e-33, 1275, 78);
INSERT INTO t_marco_viv (id, ZONA_SUNAT, ubigeo, CCDD, Departamento, CCPP, Provincia, CCDI, Distrito, codccpp, nomccpp, nconglome1, zonas, mzna_ccpp, tot_mz_cp, totviv, totvivocup, totpobc, TMUJF, THOMBF, TPERSMAY14F, InclusionProbability_1, SampleWeightCumulative_1, PopulationSize_1, SampleSize_1) VALUES (61, 'LIMA ESTE', '150132', '15', 'LIMA', '01', 'LIMA', '32', 'SAN JUAN DE LURIGANCHO', '', 'SAN JUAN DE LURIGANCHO', 22723, '10700', '027,028,029,', 3, 167, 166, 720, 368, 350, 570, -0.000112592, -5.21483e-33, 1275, 78);
INSERT INTO t_marco_viv (id, ZONA_SUNAT, ubigeo, CCDD, Departamento, CCPP, Provincia, CCDI, Distrito, codccpp, nomccpp, nconglome1, zonas, mzna_ccpp, tot_mz_cp, totviv, totvivocup, totpobc, TMUJF, THOMBF, TPERSMAY14F, InclusionProbability_1, SampleWeightCumulative_1, PopulationSize_1, SampleSize_1) VALUES (62, 'LIMA ESTE', '150132', '15', 'LIMA', '01', 'LIMA', '32', 'SAN JUAN DE LURIGANCHO', '', 'SAN JUAN DE LURIGANCHO', 22738, '10900', '005E,005F,005G,005H,005I,005J,005K,005L,005M,007,', 10, 160, 155, 707, 352, 355, 502, -0.000112592, -5.21483e-33, 1275, 78);
INSERT INTO t_marco_viv (id, ZONA_SUNAT, ubigeo, CCDD, Departamento, CCPP, Provincia, CCDI, Distrito, codccpp, nomccpp, nconglome1, zonas, mzna_ccpp, tot_mz_cp, totviv, totvivocup, totpobc, TMUJF, THOMBF, TPERSMAY14F, InclusionProbability_1, SampleWeightCumulative_1, PopulationSize_1, SampleSize_1) VALUES (63, 'LIMA ESTE', '150132', '15', 'LIMA', '01', 'LIMA', '32', 'SAN JUAN DE LURIGANCHO', '', 'SAN JUAN DE LURIGANCHO', 22747, '11000', '021,023,', 2, 151, 151, 674, 346, 326, 533, -0.000112592, -5.21483e-33, 1275, 78);
INSERT INTO t_marco_viv (id, ZONA_SUNAT, ubigeo, CCDD, Departamento, CCPP, Provincia, CCDI, Distrito, codccpp, nomccpp, nconglome1, zonas, mzna_ccpp, tot_mz_cp, totviv, totvivocup, totpobc, TMUJF, THOMBF, TPERSMAY14F, InclusionProbability_1, SampleWeightCumulative_1, PopulationSize_1, SampleSize_1) VALUES (64, 'LIMA ESTE', '150132', '15', 'LIMA', '01', 'LIMA', '32', 'SAN JUAN DE LURIGANCHO', '', 'SAN JUAN DE LURIGANCHO', 22755, '11000', '042,043,044,', 3, 190, 190, 765, 379, 386, 593, -0.000112592, -5.21483e-33, 1275, 78);
INSERT INTO t_marco_viv (id, ZONA_SUNAT, ubigeo, CCDD, Departamento, CCPP, Provincia, CCDI, Distrito, codccpp, nomccpp, nconglome1, zonas, mzna_ccpp, tot_mz_cp, totviv, totvivocup, totpobc, TMUJF, THOMBF, TPERSMAY14F, InclusionProbability_1, SampleWeightCumulative_1, PopulationSize_1, SampleSize_1) VALUES (65, 'LIMA ESTE', '150132', '15', 'LIMA', '01', 'LIMA', '32', 'SAN JUAN DE LURIGANCHO', '', 'SAN JUAN DE LURIGANCHO', 22763, '11100', '016,017,018,019,020,021,', 6, 205, 195, 822, 431, 387, 656, -0.000112592, -5.21483e-33, 1275, 78);
INSERT INTO t_marco_viv (id, ZONA_SUNAT, ubigeo, CCDD, Departamento, CCPP, Provincia, CCDI, Distrito, codccpp, nomccpp, nconglome1, zonas, mzna_ccpp, tot_mz_cp, totviv, totvivocup, totpobc, TMUJF, THOMBF, TPERSMAY14F, InclusionProbability_1, SampleWeightCumulative_1, PopulationSize_1, SampleSize_1) VALUES (66, 'LIMA ESTE', '150132', '15', 'LIMA', '01', 'LIMA', '32', 'SAN JUAN DE LURIGANCHO', '', 'SAN JUAN DE LURIGANCHO', 22771, '11200', '001,002,003,005,', 4, 168, 165, 764, 421, 342, 584, -0.000112592, -5.21483e-33, 1275, 78);
INSERT INTO t_marco_viv (id, ZONA_SUNAT, ubigeo, CCDD, Departamento, CCPP, Provincia, CCDI, Distrito, codccpp, nomccpp, nconglome1, zonas, mzna_ccpp, tot_mz_cp, totviv, totvivocup, totpobc, TMUJF, THOMBF, TPERSMAY14F, InclusionProbability_1, SampleWeightCumulative_1, PopulationSize_1, SampleSize_1) VALUES (67, 'LIMA ESTE', '150132', '15', 'LIMA', '01', 'LIMA', '32', 'SAN JUAN DE LURIGANCHO', '', 'SAN JUAN DE LURIGANCHO', 22799, '11400', '035,037,038,040,041,042,', 6, 141, 141, 687, 368, 317, 555, -0.000112592, -5.21483e-33, 1275, 78);
INSERT INTO t_marco_viv (id, ZONA_SUNAT, ubigeo, CCDD, Departamento, CCPP, Provincia, CCDI, Distrito, codccpp, nomccpp, nconglome1, zonas, mzna_ccpp, tot_mz_cp, totviv, totvivocup, totpobc, TMUJF, THOMBF, TPERSMAY14F, InclusionProbability_1, SampleWeightCumulative_1, PopulationSize_1, SampleSize_1) VALUES (68, 'LIMA ESTE', '150132', '15', 'LIMA', '01', 'LIMA', '32', 'SAN JUAN DE LURIGANCHO', '', 'SAN JUAN DE LURIGANCHO', 22809, '11500', '021,022,023,', 3, 164, 163, 693, 345, 345, 554, -0.000112592, -5.21483e-33, 1275, 78);
INSERT INTO t_marco_viv (id, ZONA_SUNAT, ubigeo, CCDD, Departamento, CCPP, Provincia, CCDI, Distrito, codccpp, nomccpp, nconglome1, zonas, mzna_ccpp, tot_mz_cp, totviv, totvivocup, totpobc, TMUJF, THOMBF, TPERSMAY14F, InclusionProbability_1, SampleWeightCumulative_1, PopulationSize_1, SampleSize_1) VALUES (69, 'LIMA ESTE', '150132', '15', 'LIMA', '01', 'LIMA', '32', 'SAN JUAN DE LURIGANCHO', '', 'SAN JUAN DE LURIGANCHO', 22895, '12400', '023,024,', 2, 155, 152, 570, 288, 280, 468, -0.000112592, -5.21483e-33, 1275, 78);
INSERT INTO t_marco_viv (id, ZONA_SUNAT, ubigeo, CCDD, Departamento, CCPP, Provincia, CCDI, Distrito, codccpp, nomccpp, nconglome1, zonas, mzna_ccpp, tot_mz_cp, totviv, totvivocup, totpobc, TMUJF, THOMBF, TPERSMAY14F, InclusionProbability_1, SampleWeightCumulative_1, PopulationSize_1, SampleSize_1) VALUES (70, 'LIMA ESTE', '150132', '15', 'LIMA', '01', 'LIMA', '32', 'SAN JUAN DE LURIGANCHO', '', 'SAN JUAN DE LURIGANCHO', 22896, '12400', '026,027,028,029,', 4, 203, 201, 719, 367, 351, 595, -0.000112592, -5.21483e-33, 1275, 78);
INSERT INTO t_marco_viv (id, ZONA_SUNAT, ubigeo, CCDD, Departamento, CCPP, Provincia, CCDI, Distrito, codccpp, nomccpp, nconglome1, zonas, mzna_ccpp, tot_mz_cp, totviv, totvivocup, totpobc, TMUJF, THOMBF, TPERSMAY14F, InclusionProbability_1, SampleWeightCumulative_1, PopulationSize_1, SampleSize_1) VALUES (71, 'LIMA ESTE', '150132', '15', 'LIMA', '01', 'LIMA', '32', 'SAN JUAN DE LURIGANCHO', '', 'SAN JUAN DE LURIGANCHO', 22909, '12500', '007,010,', 2, 155, 134, 574, 294, 277, 437, -0.000112592, -5.21483e-33, 1275, 78);
INSERT INTO t_marco_viv (id, ZONA_SUNAT, ubigeo, CCDD, Departamento, CCPP, Provincia, CCDI, Distrito, codccpp, nomccpp, nconglome1, zonas, mzna_ccpp, tot_mz_cp, totviv, totvivocup, totpobc, TMUJF, THOMBF, TPERSMAY14F, InclusionProbability_1, SampleWeightCumulative_1, PopulationSize_1, SampleSize_1) VALUES (72, 'LIMA ESTE', '150132', '15', 'LIMA', '01', 'LIMA', '32', 'SAN JUAN DE LURIGANCHO', '', 'SAN JUAN DE LURIGANCHO', 22957, '12800', '013A,013B,014A,014B,014C,015,016B,', 7, 187, 187, 861, 440, 421, 635, -0.000112592, -5.21483e-33, 1275, 78);
INSERT INTO t_marco_viv (id, ZONA_SUNAT, ubigeo, CCDD, Departamento, CCPP, Provincia, CCDI, Distrito, codccpp, nomccpp, nconglome1, zonas, mzna_ccpp, tot_mz_cp, totviv, totvivocup, totpobc, TMUJF, THOMBF, TPERSMAY14F, InclusionProbability_1, SampleWeightCumulative_1, PopulationSize_1, SampleSize_1) VALUES (73, 'LIMA ESTE', '150132', '15', 'LIMA', '01', 'LIMA', '32', 'SAN JUAN DE LURIGANCHO', '', 'SAN JUAN DE LURIGANCHO', 22971, '12900', '028,028A,029,030,031,032,033,', 7, 142, 141, 739, 378, 358, 546, -0.000112592, -5.21483e-33, 1275, 78);
INSERT INTO t_marco_viv (id, ZONA_SUNAT, ubigeo, CCDD, Departamento, CCPP, Provincia, CCDI, Distrito, codccpp, nomccpp, nconglome1, zonas, mzna_ccpp, tot_mz_cp, totviv, totvivocup, totpobc, TMUJF, THOMBF, TPERSMAY14F, InclusionProbability_1, SampleWeightCumulative_1, PopulationSize_1, SampleSize_1) VALUES (74, 'LIMA ESTE', '150132', '15', 'LIMA', '01', 'LIMA', '32', 'SAN JUAN DE LURIGANCHO', '', 'SAN JUAN DE LURIGANCHO', 22988, '13000', '034,035,036,', 3, 143, 130, 591, 301, 288, 431, -0.000112592, -5.21483e-33, 1275, 78);
INSERT INTO t_marco_viv (id, ZONA_SUNAT, ubigeo, CCDD, Departamento, CCPP, Provincia, CCDI, Distrito, codccpp, nomccpp, nconglome1, zonas, mzna_ccpp, tot_mz_cp, totviv, totvivocup, totpobc, TMUJF, THOMBF, TPERSMAY14F, InclusionProbability_1, SampleWeightCumulative_1, PopulationSize_1, SampleSize_1) VALUES (75, 'LIMA ESTE', '150132', '15', 'LIMA', '01', 'LIMA', '32', 'SAN JUAN DE LURIGANCHO', '', 'SAN JUAN DE LURIGANCHO', 23010, '13400', '001A,001B,002A,002B,002C,003A,003B,003C,004,004E,004F,005,', 12, 148, 112, 317, 143, 174, 231, -0.000112592, -5.21483e-33, 1275, 78);
INSERT INTO t_marco_viv (id, ZONA_SUNAT, ubigeo, CCDD, Departamento, CCPP, Provincia, CCDI, Distrito, codccpp, nomccpp, nconglome1, zonas, mzna_ccpp, tot_mz_cp, totviv, totvivocup, totpobc, TMUJF, THOMBF, TPERSMAY14F, InclusionProbability_1, SampleWeightCumulative_1, PopulationSize_1, SampleSize_1) VALUES (76, 'LIMA ESTE', '150132', '15', 'LIMA', '01', 'LIMA', '32', 'SAN JUAN DE LURIGANCHO', '', 'SAN JUAN DE LURIGANCHO', 23016, '13400', '052N,052\D1,052O,052P,052Q,052R,052S,053,054A,054B,055,056,057,058,059,', 15, 151, 127, 370, 175, 195, 273, -0.000112592, -5.21483e-33, 1275, 78);
INSERT INTO t_marco_viv (id, ZONA_SUNAT, ubigeo, CCDD, Departamento, CCPP, Provincia, CCDI, Distrito, codccpp, nomccpp, nconglome1, zonas, mzna_ccpp, tot_mz_cp, totviv, totvivocup, totpobc, TMUJF, THOMBF, TPERSMAY14F, InclusionProbability_1, SampleWeightCumulative_1, PopulationSize_1, SampleSize_1) VALUES (77, 'LIMA ESTE', '150132', '15', 'LIMA', '01', 'LIMA', '32', 'SAN JUAN DE LURIGANCHO', '', 'SAN JUAN DE LURIGANCHO', 23023, '13700', '022H,022J,023H,023I,024,025,025A,026,027,028A,031,031A,032,033,033A,034,', 16, 147, 126, 284, 139, 145, 206, -0.000112592, -5.21483e-33, 1275, 78);
INSERT INTO t_marco_viv (id, ZONA_SUNAT, ubigeo, CCDD, Departamento, CCPP, Provincia, CCDI, Distrito, codccpp, nomccpp, nconglome1, zonas, mzna_ccpp, tot_mz_cp, totviv, totvivocup, totpobc, TMUJF, THOMBF, TPERSMAY14F, InclusionProbability_1, SampleWeightCumulative_1, PopulationSize_1, SampleSize_1) VALUES (78, 'LIMA ESTE', '150132', '15', 'LIMA', '01', 'LIMA', '32', 'SAN JUAN DE LURIGANCHO', '', 'SAN JUAN DE LURIGANCHO', 23032, '13800', '044A,045,047,048,049,050,051,052,053,054,055,056A,', 12, 133, 110, 240, 120, 120, 164, -0.000112592, -5.21483e-33, 1275, 78);
INSERT INTO t_marco_viv (id, ZONA_SUNAT, ubigeo, CCDD, Departamento, CCPP, Provincia, CCDI, Distrito, codccpp, nomccpp, nconglome1, zonas, mzna_ccpp, tot_mz_cp, totviv, totvivocup, totpobc, TMUJF, THOMBF, TPERSMAY14F, InclusionProbability_1, SampleWeightCumulative_1, PopulationSize_1, SampleSize_1) VALUES (79, 'LIMA NORTE 2', '070106', '07', 'CALLAO', '01', 'CALLAO', '06', 'VENTANILLA', '0001', 'VENTANILLA', 17260, '00200', '027C,029,029A,029B,031,032,033,034,035,036C,036E,', 11, 145, 133, 442, 220, 222, 289, -1.12101e-35, -107374184, 536, 20);
INSERT INTO t_marco_viv (id, ZONA_SUNAT, ubigeo, CCDD, Departamento, CCPP, Provincia, CCDI, Distrito, codccpp, nomccpp, nconglome1, zonas, mzna_ccpp, tot_mz_cp, totviv, totvivocup, totpobc, TMUJF, THOMBF, TPERSMAY14F, InclusionProbability_1, SampleWeightCumulative_1, PopulationSize_1, SampleSize_1) VALUES (80, 'LIMA NORTE 2', '070106', '07', 'CALLAO', '01', 'CALLAO', '06', 'VENTANILLA', '0001', 'VENTANILLA', 17322, '01200', '056,058,059,060,061,062,063,064,', 8, 182, 169, 635, 308, 326, 435, -1.12101e-35, -107374184, 536, 20);
INSERT INTO t_marco_viv (id, ZONA_SUNAT, ubigeo, CCDD, Departamento, CCPP, Provincia, CCDI, Distrito, codccpp, nomccpp, nconglome1, zonas, mzna_ccpp, tot_mz_cp, totviv, totvivocup, totpobc, TMUJF, THOMBF, TPERSMAY14F, InclusionProbability_1, SampleWeightCumulative_1, PopulationSize_1, SampleSize_1) VALUES (81, 'LIMA NORTE 2', '070106', '07', 'CALLAO', '01', 'CALLAO', '06', 'VENTANILLA', '0001', 'VENTANILLA', 17363, '01900', '031,032,033A,033B,033D,033E,033F,034,035,036,037B,', 11, 142, 122, 543, 281, 261, 362, -1.12101e-35, -107374184, 536, 20);
INSERT INTO t_marco_viv (id, ZONA_SUNAT, ubigeo, CCDD, Departamento, CCPP, Provincia, CCDI, Distrito, codccpp, nomccpp, nconglome1, zonas, mzna_ccpp, tot_mz_cp, totviv, totvivocup, totpobc, TMUJF, THOMBF, TPERSMAY14F, InclusionProbability_1, SampleWeightCumulative_1, PopulationSize_1, SampleSize_1) VALUES (82, 'LIMA NORTE 2', '070106', '07', 'CALLAO', '01', 'CALLAO', '06', 'VENTANILLA', '0001', 'VENTANILLA', 17377, '02100', '045D,046A,046B,047,047A,047B,047E,047G,047H,047J,049,049A,049B,', 13, 121, 121, 522, 279, 243, 336, -1.12101e-35, -107374184, 536, 20);
INSERT INTO t_marco_viv (id, ZONA_SUNAT, ubigeo, CCDD, Departamento, CCPP, Provincia, CCDI, Distrito, codccpp, nomccpp, nconglome1, zonas, mzna_ccpp, tot_mz_cp, totviv, totvivocup, totpobc, TMUJF, THOMBF, TPERSMAY14F, InclusionProbability_1, SampleWeightCumulative_1, PopulationSize_1, SampleSize_1) VALUES (83, 'LIMA NORTE 2', '070106', '07', 'CALLAO', '01', 'CALLAO', '06', 'VENTANILLA', '0001', 'VENTANILLA', 17400, '02400', '048,049,050,', 3, 72, 70, 294, 160, 134, 183, -1.12101e-35, -107374184, 536, 20);
INSERT INTO t_marco_viv (id, ZONA_SUNAT, ubigeo, CCDD, Departamento, CCPP, Provincia, CCDI, Distrito, codccpp, nomccpp, nconglome1, zonas, mzna_ccpp, tot_mz_cp, totviv, totvivocup, totpobc, TMUJF, THOMBF, TPERSMAY14F, InclusionProbability_1, SampleWeightCumulative_1, PopulationSize_1, SampleSize_1) VALUES (84, 'LIMA NORTE 2', '070106', '07', 'CALLAO', '01', 'CALLAO', '06', 'VENTANILLA', '0001', 'VENTANILLA', 17416, '02600', '055,057,058,061,', 4, 99, 98, 495, 260, 233, 372, -1.12101e-35, -107374184, 536, 20);
INSERT INTO t_marco_viv (id, ZONA_SUNAT, ubigeo, CCDD, Departamento, CCPP, Provincia, CCDI, Distrito, codccpp, nomccpp, nconglome1, zonas, mzna_ccpp, tot_mz_cp, totviv, totvivocup, totpobc, TMUJF, THOMBF, TPERSMAY14F, InclusionProbability_1, SampleWeightCumulative_1, PopulationSize_1, SampleSize_1) VALUES (85, 'LIMA NORTE 2', '070106', '07', 'CALLAO', '01', 'CALLAO', '06', 'VENTANILLA', '0001', 'VENTANILLA', 17426, '02800', '013,014,015,016,', 4, 166, 160, 767, 401, 364, 559, -1.12101e-35, -107374184, 536, 20);
INSERT INTO t_marco_viv (id, ZONA_SUNAT, ubigeo, CCDD, Departamento, CCPP, Provincia, CCDI, Distrito, codccpp, nomccpp, nconglome1, zonas, mzna_ccpp, tot_mz_cp, totviv, totvivocup, totpobc, TMUJF, THOMBF, TPERSMAY14F, InclusionProbability_1, SampleWeightCumulative_1, PopulationSize_1, SampleSize_1) VALUES (86, 'LIMA NORTE 2', '070106', '07', 'CALLAO', '01', 'CALLAO', '06', 'VENTANILLA', '0001', 'VENTANILLA', 17490, '03800', '001,001A,001B,001K,001L,001O,001P,001Q,001R,', 9, 168, 165, 694, 328, 363, 443, -1.12101e-35, -107374184, 536, 20);
INSERT INTO t_marco_viv (id, ZONA_SUNAT, ubigeo, CCDD, Departamento, CCPP, Provincia, CCDI, Distrito, codccpp, nomccpp, nconglome1, zonas, mzna_ccpp, tot_mz_cp, totviv, totvivocup, totpobc, TMUJF, THOMBF, TPERSMAY14F, InclusionProbability_1, SampleWeightCumulative_1, PopulationSize_1, SampleSize_1) VALUES (87, 'LIMA NORTE 2', '070106', '07', 'CALLAO', '01', 'CALLAO', '06', 'VENTANILLA', '0001', 'VENTANILLA', 17503, '03902', '001,002,003,004,006,', 5, 141, 138, 542, 268, 274, 353, -1.12101e-35, -107374184, 536, 20);
INSERT INTO t_marco_viv (id, ZONA_SUNAT, ubigeo, CCDD, Departamento, CCPP, Provincia, CCDI, Distrito, codccpp, nomccpp, nconglome1, zonas, mzna_ccpp, tot_mz_cp, totviv, totvivocup, totpobc, TMUJF, THOMBF, TPERSMAY14F, InclusionProbability_1, SampleWeightCumulative_1, PopulationSize_1, SampleSize_1) VALUES (88, 'LIMA NORTE 2', '070106', '07', 'CALLAO', '01', 'CALLAO', '06', 'VENTANILLA', '0001', 'VENTANILLA', 17516, '04000', '030A,031A,032A,033A,034,035,', 6, 200, 199, 875, 440, 433, 634, -1.12101e-35, -107374184, 536, 20);
INSERT INTO t_marco_viv (id, ZONA_SUNAT, ubigeo, CCDD, Departamento, CCPP, Provincia, CCDI, Distrito, codccpp, nomccpp, nconglome1, zonas, mzna_ccpp, tot_mz_cp, totviv, totvivocup, totpobc, TMUJF, THOMBF, TPERSMAY14F, InclusionProbability_1, SampleWeightCumulative_1, PopulationSize_1, SampleSize_1) VALUES (89, 'LIMA NORTE 2', '070106', '07', 'CALLAO', '01', 'CALLAO', '06', 'VENTANILLA', '0001', 'VENTANILLA', 17558, '04500', '050D,052,052A,052B,053A,054A,056,056B,056C,056D,', 10, 145, 138, 556, 285, 271, 394, -1.12101e-35, -107374184, 536, 20);
INSERT INTO t_marco_viv (id, ZONA_SUNAT, ubigeo, CCDD, Departamento, CCPP, Provincia, CCDI, Distrito, codccpp, nomccpp, nconglome1, zonas, mzna_ccpp, tot_mz_cp, totviv, totvivocup, totpobc, TMUJF, THOMBF, TPERSMAY14F, InclusionProbability_1, SampleWeightCumulative_1, PopulationSize_1, SampleSize_1) VALUES (90, 'LIMA NORTE 2', '070106', '07', 'CALLAO', '01', 'CALLAO', '06', 'VENTANILLA', '0001', 'VENTANILLA', 17571, '04800', '003,007,008,009,010,012,013A,', 7, 163, 151, 544, 268, 276, 424, -1.12101e-35, -107374184, 536, 20);
INSERT INTO t_marco_viv (id, ZONA_SUNAT, ubigeo, CCDD, Departamento, CCPP, Provincia, CCDI, Distrito, codccpp, nomccpp, nconglome1, zonas, mzna_ccpp, tot_mz_cp, totviv, totvivocup, totpobc, TMUJF, THOMBF, TPERSMAY14F, InclusionProbability_1, SampleWeightCumulative_1, PopulationSize_1, SampleSize_1) VALUES (91, 'LIMA NORTE 2', '070106', '07', 'CALLAO', '01', 'CALLAO', '06', 'VENTANILLA', '0001', 'VENTANILLA', 17576, '04900', '001,002,003,004,005,007,008,', 7, 144, 137, 525, 268, 255, 403, -1.12101e-35, -107374184, 536, 20);
INSERT INTO t_marco_viv (id, ZONA_SUNAT, ubigeo, CCDD, Departamento, CCPP, Provincia, CCDI, Distrito, codccpp, nomccpp, nconglome1, zonas, mzna_ccpp, tot_mz_cp, totviv, totvivocup, totpobc, TMUJF, THOMBF, TPERSMAY14F, InclusionProbability_1, SampleWeightCumulative_1, PopulationSize_1, SampleSize_1) VALUES (92, 'LIMA NORTE 2', '070106', '07', 'CALLAO', '01', 'CALLAO', '06', 'VENTANILLA', '0001', 'VENTANILLA', 17605, '05600', '027A,027B,030,031,032,033,034,035,035A,', 9, 142, 139, 693, 334, 359, 516, -1.12101e-35, -107374184, 536, 20);
INSERT INTO t_marco_viv (id, ZONA_SUNAT, ubigeo, CCDD, Departamento, CCPP, Provincia, CCDI, Distrito, codccpp, nomccpp, nconglome1, zonas, mzna_ccpp, tot_mz_cp, totviv, totvivocup, totpobc, TMUJF, THOMBF, TPERSMAY14F, InclusionProbability_1, SampleWeightCumulative_1, PopulationSize_1, SampleSize_1) VALUES (93, 'LIMA NORTE 2', '070106', '07', 'CALLAO', '01', 'CALLAO', '06', 'VENTANILLA', '0001', 'VENTANILLA', 17631, '06100', '001,001A,001B,001D,001F,001G,002,002A,003,003A,003B,004,005,', 13, 150, 146, 355, 173, 182, 240, -1.12101e-35, -107374184, 536, 20);
INSERT INTO t_marco_viv (id, ZONA_SUNAT, ubigeo, CCDD, Departamento, CCPP, Provincia, CCDI, Distrito, codccpp, nomccpp, nconglome1, zonas, mzna_ccpp, tot_mz_cp, totviv, totvivocup, totpobc, TMUJF, THOMBF, TPERSMAY14F, InclusionProbability_1, SampleWeightCumulative_1, PopulationSize_1, SampleSize_1) VALUES (94, 'LIMA NORTE 2', '070106', '07', 'CALLAO', '01', 'CALLAO', '06', 'VENTANILLA', '0001', 'VENTANILLA', 17636, '06200', '001A,002,002A,003,004,005A,006B,007C,008,', 9, 144, 142, 429, 211, 218, 281, -1.12101e-35, -107374184, 536, 20);
INSERT INTO t_marco_viv (id, ZONA_SUNAT, ubigeo, CCDD, Departamento, CCPP, Provincia, CCDI, Distrito, codccpp, nomccpp, nconglome1, zonas, mzna_ccpp, tot_mz_cp, totviv, totvivocup, totpobc, TMUJF, THOMBF, TPERSMAY14F, InclusionProbability_1, SampleWeightCumulative_1, PopulationSize_1, SampleSize_1) VALUES (95, 'LIMA NORTE 2', '070106', '07', 'CALLAO', '01', 'CALLAO', '06', 'VENTANILLA', '0001', 'VENTANILLA', 17686, '06900', '041,042,043,044,045,046,047,048,', 8, 143, 124, 381, 192, 189, 254, -1.12101e-35, -107374184, 536, 20);
INSERT INTO t_marco_viv (id, ZONA_SUNAT, ubigeo, CCDD, Departamento, CCPP, Provincia, CCDI, Distrito, codccpp, nomccpp, nconglome1, zonas, mzna_ccpp, tot_mz_cp, totviv, totvivocup, totpobc, TMUJF, THOMBF, TPERSMAY14F, InclusionProbability_1, SampleWeightCumulative_1, PopulationSize_1, SampleSize_1) VALUES (96, 'LIMA NORTE 2', '070106', '07', 'CALLAO', '01', 'CALLAO', '06', 'VENTANILLA', '0001', 'VENTANILLA', 17711, '07300', '022,023,024,025A,026,027,', 6, 156, 149, 422, 227, 195, 288, -1.12101e-35, -107374184, 536, 20);
INSERT INTO t_marco_viv (id, ZONA_SUNAT, ubigeo, CCDD, Departamento, CCPP, Provincia, CCDI, Distrito, codccpp, nomccpp, nconglome1, zonas, mzna_ccpp, tot_mz_cp, totviv, totvivocup, totpobc, TMUJF, THOMBF, TPERSMAY14F, InclusionProbability_1, SampleWeightCumulative_1, PopulationSize_1, SampleSize_1) VALUES (97, 'LIMA NORTE 2', '070106', '07', 'CALLAO', '01', 'CALLAO', '06', 'VENTANILLA', '0001', 'VENTANILLA', 17721, '07301', '029,030,031,032,033,034,', 6, 156, 148, 259, 125, 134, 192, -1.12101e-35, -107374184, 536, 20);
INSERT INTO t_marco_viv (id, ZONA_SUNAT, ubigeo, CCDD, Departamento, CCPP, Provincia, CCDI, Distrito, codccpp, nomccpp, nconglome1, zonas, mzna_ccpp, tot_mz_cp, totviv, totvivocup, totpobc, TMUJF, THOMBF, TPERSMAY14F, InclusionProbability_1, SampleWeightCumulative_1, PopulationSize_1, SampleSize_1) VALUES (98, 'LIMA NORTE 2', '070106', '07', 'CALLAO', '01', 'CALLAO', '06', 'VENTANILLA', '0001', 'VENTANILLA', 17747, '07700', '001A,001B,002A,003,004,005,008,009,010,', 9, 143, 139, 402, 211, 191, 259, -1.12101e-35, -107374184, 536, 20);
INSERT INTO t_marco_viv (id, ZONA_SUNAT, ubigeo, CCDD, Departamento, CCPP, Provincia, CCDI, Distrito, codccpp, nomccpp, nconglome1, zonas, mzna_ccpp, tot_mz_cp, totviv, totvivocup, totpobc, TMUJF, THOMBF, TPERSMAY14F, InclusionProbability_1, SampleWeightCumulative_1, PopulationSize_1, SampleSize_1) VALUES (99, 'LIMA NORTE 2', '150102', '15', 'LIMA', '01', 'LIMA', '02', 'ANCON', '0001', 'ANCON', 18650, '01100', '035,036,038A,039,040,041,042,043,', 8, 154, 85, 119, 56, 63, 87, 3.34442e-09, 0, 82, 2);
INSERT INTO t_marco_viv (id, ZONA_SUNAT, ubigeo, CCDD, Departamento, CCPP, Provincia, CCDI, Distrito, codccpp, nomccpp, nconglome1, zonas, mzna_ccpp, tot_mz_cp, totviv, totvivocup, totpobc, TMUJF, THOMBF, TPERSMAY14F, InclusionProbability_1, SampleWeightCumulative_1, PopulationSize_1, SampleSize_1) VALUES (100, 'LIMA NORTE 2', '150102', '15', 'LIMA', '01', 'LIMA', '02', 'ANCON', '0001', 'ANCON', 18657, '01200', '051A,051D,052,053,054,055A,055B,055C,056,057,058A,058B,058C,059,060,', 15, 204, 22, 26, 13, 13, 20, 3.34442e-09, 0, 82, 2);
INSERT INTO t_marco_viv (id, ZONA_SUNAT, ubigeo, CCDD, Departamento, CCPP, Provincia, CCDI, Distrito, codccpp, nomccpp, nconglome1, zonas, mzna_ccpp, tot_mz_cp, totviv, totvivocup, totpobc, TMUJF, THOMBF, TPERSMAY14F, InclusionProbability_1, SampleWeightCumulative_1, PopulationSize_1, SampleSize_1) VALUES (101, 'LIMA NORTE 2', '150106', '15', 'LIMA', '01', 'LIMA', '06', 'CARABAYLLO', '0001', 'CARABAYLLO', 18699, '00103', '001,001B,002,003,004,005,006,007A,007B,008,009,010,011,012,013,014,015,016,017,018,', 20, 169, 165, 659, 339, 320, 438, -686341554176, 4.17233e-08, 339, 20);
INSERT INTO t_marco_viv (id, ZONA_SUNAT, ubigeo, CCDD, Departamento, CCPP, Provincia, CCDI, Distrito, codccpp, nomccpp, nconglome1, zonas, mzna_ccpp, tot_mz_cp, totviv, totvivocup, totpobc, TMUJF, THOMBF, TPERSMAY14F, InclusionProbability_1, SampleWeightCumulative_1, PopulationSize_1, SampleSize_1) VALUES (102, 'LIMA NORTE 2', '150106', '15', 'LIMA', '01', 'LIMA', '06', 'CARABAYLLO', '0001', 'CARABAYLLO', 18706, '00200', '001,002,003,004,005,006,007,007A,007B,007C,007D,', 11, 153, 143, 555, 282, 273, 352, -686341554176, 4.17233e-08, 339, 20);
INSERT INTO t_marco_viv (id, ZONA_SUNAT, ubigeo, CCDD, Departamento, CCPP, Provincia, CCDI, Distrito, codccpp, nomccpp, nconglome1, zonas, mzna_ccpp, tot_mz_cp, totviv, totvivocup, totpobc, TMUJF, THOMBF, TPERSMAY14F, InclusionProbability_1, SampleWeightCumulative_1, PopulationSize_1, SampleSize_1) VALUES (103, 'LIMA NORTE 2', '150106', '15', 'LIMA', '01', 'LIMA', '06', 'CARABAYLLO', '0001', 'CARABAYLLO', 18709, '00200', '024,025A,025B,025C,026,027,028,029A,029B,030A,030B,030C,031,', 13, 141, 139, 579, 265, 312, 388, -686341554176, 4.17233e-08, 339, 20);
INSERT INTO t_marco_viv (id, ZONA_SUNAT, ubigeo, CCDD, Departamento, CCPP, Provincia, CCDI, Distrito, codccpp, nomccpp, nconglome1, zonas, mzna_ccpp, tot_mz_cp, totviv, totvivocup, totpobc, TMUJF, THOMBF, TPERSMAY14F, InclusionProbability_1, SampleWeightCumulative_1, PopulationSize_1, SampleSize_1) VALUES (104, 'LIMA NORTE 2', '150106', '15', 'LIMA', '01', 'LIMA', '06', 'CARABAYLLO', '0001', 'CARABAYLLO', 18710, '00200', '031A,032,033,034,035,037A,039,041,', 8, 149, 137, 561, 259, 301, 397, -686341554176, 4.17233e-08, 339, 20);
INSERT INTO t_marco_viv (id, ZONA_SUNAT, ubigeo, CCDD, Departamento, CCPP, Provincia, CCDI, Distrito, codccpp, nomccpp, nconglome1, zonas, mzna_ccpp, tot_mz_cp, totviv, totvivocup, totpobc, TMUJF, THOMBF, TPERSMAY14F, InclusionProbability_1, SampleWeightCumulative_1, PopulationSize_1, SampleSize_1) VALUES (105, 'LIMA NORTE 2', '150106', '15', 'LIMA', '01', 'LIMA', '06', 'CARABAYLLO', '0001', 'CARABAYLLO', 18730, '00501', '031,032,032A,034,035,036A,037,039,040,041,042,', 11, 146, 127, 287, 142, 145, 195, -686341554176, 4.17233e-08, 339, 20);
INSERT INTO t_marco_viv (id, ZONA_SUNAT, ubigeo, CCDD, Departamento, CCPP, Provincia, CCDI, Distrito, codccpp, nomccpp, nconglome1, zonas, mzna_ccpp, tot_mz_cp, totviv, totvivocup, totpobc, TMUJF, THOMBF, TPERSMAY14F, InclusionProbability_1, SampleWeightCumulative_1, PopulationSize_1, SampleSize_1) VALUES (106, 'LIMA NORTE 2', '150106', '15', 'LIMA', '01', 'LIMA', '06', 'CARABAYLLO', '0001', 'CARABAYLLO', 18751, '00800', '001,002,003A,003B,003C,005,006,008,009,011,013,014,014A,', 13, 140, 132, 638, 328, 308, 459, -686341554176, 4.17233e-08, 339, 20);
INSERT INTO t_marco_viv (id, ZONA_SUNAT, ubigeo, CCDD, Departamento, CCPP, Provincia, CCDI, Distrito, codccpp, nomccpp, nconglome1, zonas, mzna_ccpp, tot_mz_cp, totviv, totvivocup, totpobc, TMUJF, THOMBF, TPERSMAY14F, InclusionProbability_1, SampleWeightCumulative_1, PopulationSize_1, SampleSize_1) VALUES (107, 'LIMA NORTE 2', '150106', '15', 'LIMA', '01', 'LIMA', '06', 'CARABAYLLO', '0001', 'CARABAYLLO', 18754, '00800', '026B,026C,026D,026E,026G,026I,027A,029A,030,031,031A,032,033A,035,036,036A,037,038,039,040,', 20, 144, 137, 575, 269, 305, 416, -686341554176, 4.17233e-08, 339, 20);
INSERT INTO t_marco_viv (id, ZONA_SUNAT, ubigeo, CCDD, Departamento, CCPP, Provincia, CCDI, Distrito, codccpp, nomccpp, nconglome1, zonas, mzna_ccpp, tot_mz_cp, totviv, totvivocup, totpobc, TMUJF, THOMBF, TPERSMAY14F, InclusionProbability_1, SampleWeightCumulative_1, PopulationSize_1, SampleSize_1) VALUES (108, 'LIMA NORTE 2', '150106', '15', 'LIMA', '01', 'LIMA', '06', 'CARABAYLLO', '0001', 'CARABAYLLO', 18759, '00900', '025J,025K,025L,025M,025N,025P,027A,028,029,030B,032,033B,040,040D,040E,041A,041B,041C,041D,041E,041F,041G,041H,041I,041J,', 25, 134, 131, 587, 281, 306, 429, -686341554176, 4.17233e-08, 339, 20);
INSERT INTO t_marco_viv (id, ZONA_SUNAT, ubigeo, CCDD, Departamento, CCPP, Provincia, CCDI, Distrito, codccpp, nomccpp, nconglome1, zonas, mzna_ccpp, tot_mz_cp, totviv, totvivocup, totpobc, TMUJF, THOMBF, TPERSMAY14F, InclusionProbability_1, SampleWeightCumulative_1, PopulationSize_1, SampleSize_1) VALUES (109, 'LIMA NORTE 2', '150106', '15', 'LIMA', '01', 'LIMA', '06', 'CARABAYLLO', '0001', 'CARABAYLLO', 18768, '01100', '034B,039A,040C,041,042,043A,045B,046,048A,048B,', 10, 131, 129, 544, 278, 266, 374, -686341554176, 4.17233e-08, 339, 20);
INSERT INTO t_marco_viv (id, ZONA_SUNAT, ubigeo, CCDD, Departamento, CCPP, Provincia, CCDI, Distrito, codccpp, nomccpp, nconglome1, zonas, mzna_ccpp, tot_mz_cp, totviv, totvivocup, totpobc, TMUJF, THOMBF, TPERSMAY14F, InclusionProbability_1, SampleWeightCumulative_1, PopulationSize_1, SampleSize_1) VALUES (110, 'LIMA NORTE 2', '150106', '15', 'LIMA', '01', 'LIMA', '06', 'CARABAYLLO', '0001', 'CARABAYLLO', 18769, '01200', '001,002A,002C,003B,004A,004B,004C,006,006A,006B,007,008,009,010,011,012A,013B,014B,017,017A,018,', 21, 148, 141, 608, 311, 297, 443, -686341554176, 4.17233e-08, 339, 20);
INSERT INTO t_marco_viv (id, ZONA_SUNAT, ubigeo, CCDD, Departamento, CCPP, Provincia, CCDI, Distrito, codccpp, nomccpp, nconglome1, zonas, mzna_ccpp, tot_mz_cp, totviv, totvivocup, totpobc, TMUJF, THOMBF, TPERSMAY14F, InclusionProbability_1, SampleWeightCumulative_1, PopulationSize_1, SampleSize_1) VALUES (111, 'LIMA NORTE 2', '150106', '15', 'LIMA', '01', 'LIMA', '06', 'CARABAYLLO', '0001', 'CARABAYLLO', 18784, '01400', '031,032,033,035,036,037,', 6, 157, 156, 823, 406, 417, 612, -686341554176, 4.17233e-08, 339, 20);
INSERT INTO t_marco_viv (id, ZONA_SUNAT, ubigeo, CCDD, Departamento, CCPP, Provincia, CCDI, Distrito, codccpp, nomccpp, nconglome1, zonas, mzna_ccpp, tot_mz_cp, totviv, totvivocup, totpobc, TMUJF, THOMBF, TPERSMAY14F, InclusionProbability_1, SampleWeightCumulative_1, PopulationSize_1, SampleSize_1) VALUES (112, 'LIMA NORTE 2', '150106', '15', 'LIMA', '01', 'LIMA', '06', 'CARABAYLLO', '0001', 'CARABAYLLO', 18800, '01600', '041,042,043,044,046,048,049,049B,049C,049E,049F,050,050B,', 13, 140, 136, 593, 294, 299, 436, -686341554176, 4.17233e-08, 339, 20);
INSERT INTO t_marco_viv (id, ZONA_SUNAT, ubigeo, CCDD, Departamento, CCPP, Provincia, CCDI, Distrito, codccpp, nomccpp, nconglome1, zonas, mzna_ccpp, tot_mz_cp, totviv, totvivocup, totpobc, TMUJF, THOMBF, TPERSMAY14F, InclusionProbability_1, SampleWeightCumulative_1, PopulationSize_1, SampleSize_1) VALUES (113, 'LIMA NORTE 2', '150106', '15', 'LIMA', '01', 'LIMA', '06', 'CARABAYLLO', '0001', 'CARABAYLLO', 18818, '02001', '010,011,012,012A,012C,012D,012F,012G,014,015,016,017,018,019,020,022,023,024,027,028,029,030,031,032,033,034,035,035A,035B,', 29, 171, 168, 760, 403, 357, 503, -686341554176, 4.17233e-08, 339, 20);
INSERT INTO t_marco_viv (id, ZONA_SUNAT, ubigeo, CCDD, Departamento, CCPP, Provincia, CCDI, Distrito, codccpp, nomccpp, nconglome1, zonas, mzna_ccpp, tot_mz_cp, totviv, totvivocup, totpobc, TMUJF, THOMBF, TPERSMAY14F, InclusionProbability_1, SampleWeightCumulative_1, PopulationSize_1, SampleSize_1) VALUES (114, 'LIMA NORTE 2', '150106', '15', 'LIMA', '01', 'LIMA', '06', 'CARABAYLLO', '0001', 'CARABAYLLO', 18854, '02400', '020,021,024,025,', 4, 164, 161, 731, 365, 362, 542, -686341554176, 4.17233e-08, 339, 20);
INSERT INTO t_marco_viv (id, ZONA_SUNAT, ubigeo, CCDD, Departamento, CCPP, Provincia, CCDI, Distrito, codccpp, nomccpp, nconglome1, zonas, mzna_ccpp, tot_mz_cp, totviv, totvivocup, totpobc, TMUJF, THOMBF, TPERSMAY14F, InclusionProbability_1, SampleWeightCumulative_1, PopulationSize_1, SampleSize_1) VALUES (115, 'LIMA NORTE 2', '150106', '15', 'LIMA', '01', 'LIMA', '06', 'CARABAYLLO', '0001', 'CARABAYLLO', 18900, '03100', '033E,033F,034,035,036,037,038G,038H,039,039A,039D,039E,040A,040C,040D,043,044,044A,044B,044C,', 20, 140, 133, 470, 234, 235, 309, -686341554176, 4.17233e-08, 339, 20);
INSERT INTO t_marco_viv (id, ZONA_SUNAT, ubigeo, CCDD, Departamento, CCPP, Provincia, CCDI, Distrito, codccpp, nomccpp, nconglome1, zonas, mzna_ccpp, tot_mz_cp, totviv, totvivocup, totpobc, TMUJF, THOMBF, TPERSMAY14F, InclusionProbability_1, SampleWeightCumulative_1, PopulationSize_1, SampleSize_1) VALUES (116, 'LIMA NORTE 2', '150106', '15', 'LIMA', '01', 'LIMA', '06', 'CARABAYLLO', '0001', 'CARABAYLLO', 18907, '03200', '044,045,047,048,049,050,051,052,', 8, 152, 151, 827, 419, 407, 595, -686341554176, 4.17233e-08, 339, 20);
INSERT INTO t_marco_viv (id, ZONA_SUNAT, ubigeo, CCDD, Departamento, CCPP, Provincia, CCDI, Distrito, codccpp, nomccpp, nconglome1, zonas, mzna_ccpp, tot_mz_cp, totviv, totvivocup, totpobc, TMUJF, THOMBF, TPERSMAY14F, InclusionProbability_1, SampleWeightCumulative_1, PopulationSize_1, SampleSize_1) VALUES (117, 'LIMA NORTE 2', '150106', '15', 'LIMA', '01', 'LIMA', '06', 'CARABAYLLO', '0001', 'CARABAYLLO', 18975, '04000', '004,005,006,007,008,', 5, 189, 187, 1081, 547, 532, 829, -686341554176, 4.17233e-08, 339, 20);
INSERT INTO t_marco_viv (id, ZONA_SUNAT, ubigeo, CCDD, Departamento, CCPP, Provincia, CCDI, Distrito, codccpp, nomccpp, nconglome1, zonas, mzna_ccpp, tot_mz_cp, totviv, totvivocup, totpobc, TMUJF, THOMBF, TPERSMAY14F, InclusionProbability_1, SampleWeightCumulative_1, PopulationSize_1, SampleSize_1) VALUES (118, 'LIMA NORTE 2', '150106', '15', 'LIMA', '01', 'LIMA', '06', 'CARABAYLLO', '0001', 'CARABAYLLO', 18999, '04300', '063,064,064A,065A,065B,067,068,069,070,071A,071B,071C,074,074A,075A,076A,078A,078B,079,080A,080B,080D,080E,080F,080G,084,085A,', 27, 167, 167, 681, 346, 335, 455, -686341554176, 4.17233e-08, 339, 20);
INSERT INTO t_marco_viv (id, ZONA_SUNAT, ubigeo, CCDD, Departamento, CCPP, Provincia, CCDI, Distrito, codccpp, nomccpp, nconglome1, zonas, mzna_ccpp, tot_mz_cp, totviv, totvivocup, totpobc, TMUJF, THOMBF, TPERSMAY14F, InclusionProbability_1, SampleWeightCumulative_1, PopulationSize_1, SampleSize_1) VALUES (119, 'LIMA NORTE 2', '150106', '15', 'LIMA', '01', 'LIMA', '06', 'CARABAYLLO', '0001', 'CARABAYLLO', 19003, '04400', '019,020,021,022,023,024,', 6, 164, 161, 665, 343, 322, 527, -686341554176, 4.17233e-08, 339, 20);
INSERT INTO t_marco_viv (id, ZONA_SUNAT, ubigeo, CCDD, Departamento, CCPP, Provincia, CCDI, Distrito, codccpp, nomccpp, nconglome1, zonas, mzna_ccpp, tot_mz_cp, totviv, totvivocup, totpobc, TMUJF, THOMBF, TPERSMAY14F, InclusionProbability_1, SampleWeightCumulative_1, PopulationSize_1, SampleSize_1) VALUES (120, 'LIMA NORTE 2', '150106', '15', 'LIMA', '01', 'LIMA', '06', 'CARABAYLLO', '0001', 'CARABAYLLO', 19020, '04800', '009D,009E,009F,009G,', 4, 143, 81, 295, 138, 157, 196, -686341554176, 4.17233e-08, 339, 20);
INSERT INTO t_marco_viv (id, ZONA_SUNAT, ubigeo, CCDD, Departamento, CCPP, Provincia, CCDI, Distrito, codccpp, nomccpp, nconglome1, zonas, mzna_ccpp, tot_mz_cp, totviv, totvivocup, totpobc, TMUJF, THOMBF, TPERSMAY14F, InclusionProbability_1, SampleWeightCumulative_1, PopulationSize_1, SampleSize_1) VALUES (121, 'LIMA NORTE 2', '150110', '15', 'LIMA', '01', 'LIMA', '10', 'COMAS', '0001', 'COMAS', 20673, '00300', '026,027,028,029,030,031,', 6, 141, 137, 731, 370, 360, 569, -1.94002e-30, 25876170788569088, 610, 26);
INSERT INTO t_marco_viv (id, ZONA_SUNAT, ubigeo, CCDD, Departamento, CCPP, Provincia, CCDI, Distrito, codccpp, nomccpp, nconglome1, zonas, mzna_ccpp, tot_mz_cp, totviv, totvivocup, totpobc, TMUJF, THOMBF, TPERSMAY14F, InclusionProbability_1, SampleWeightCumulative_1, PopulationSize_1, SampleSize_1) VALUES (122, 'LIMA NORTE 2', '150110', '15', 'LIMA', '01', 'LIMA', '10', 'COMAS', '0001', 'COMAS', 20687, '00500', '011,012,014,015,016,', 5, 153, 151, 821, 434, 383, 668, -1.94002e-30, 25876170788569088, 610, 26);
INSERT INTO t_marco_viv (id, ZONA_SUNAT, ubigeo, CCDD, Departamento, CCPP, Provincia, CCDI, Distrito, codccpp, nomccpp, nconglome1, zonas, mzna_ccpp, tot_mz_cp, totviv, totvivocup, totpobc, TMUJF, THOMBF, TPERSMAY14F, InclusionProbability_1, SampleWeightCumulative_1, PopulationSize_1, SampleSize_1) VALUES (123, 'LIMA NORTE 2', '150110', '15', 'LIMA', '01', 'LIMA', '10', 'COMAS', '0001', 'COMAS', 20724, '01000', '012,013,014,015,016,017,018A,018B,', 8, 141, 141, 881, 436, 445, 673, -1.94002e-30, 25876170788569088, 610, 26);
INSERT INTO t_marco_viv (id, ZONA_SUNAT, ubigeo, CCDD, Departamento, CCPP, Provincia, CCDI, Distrito, codccpp, nomccpp, nconglome1, zonas, mzna_ccpp, tot_mz_cp, totviv, totvivocup, totpobc, TMUJF, THOMBF, TPERSMAY14F, InclusionProbability_1, SampleWeightCumulative_1, PopulationSize_1, SampleSize_1) VALUES (124, 'LIMA NORTE 2', '150110', '15', 'LIMA', '01', 'LIMA', '10', 'COMAS', '0001', 'COMAS', 20725, '01000', '018C,018D,018E,019A,019B,020,021,022A,022B,022C,023A,023B,', 12, 147, 146, 718, 375, 341, 504, -1.94002e-30, 25876170788569088, 610, 26);
INSERT INTO t_marco_viv (id, ZONA_SUNAT, ubigeo, CCDD, Departamento, CCPP, Provincia, CCDI, Distrito, codccpp, nomccpp, nconglome1, zonas, mzna_ccpp, tot_mz_cp, totviv, totvivocup, totpobc, TMUJF, THOMBF, TPERSMAY14F, InclusionProbability_1, SampleWeightCumulative_1, PopulationSize_1, SampleSize_1) VALUES (125, 'LIMA NORTE 2', '150110', '15', 'LIMA', '01', 'LIMA', '10', 'COMAS', '0001', 'COMAS', 20768, '01600', '039,040B,040C,040E,040F,040G,042,045,046A,047,049B,049D,050D,', 13, 141, 139, 594, 294, 300, 452, -1.94002e-30, 25876170788569088, 610, 26);
INSERT INTO t_marco_viv (id, ZONA_SUNAT, ubigeo, CCDD, Departamento, CCPP, Provincia, CCDI, Distrito, codccpp, nomccpp, nconglome1, zonas, mzna_ccpp, tot_mz_cp, totviv, totvivocup, totpobc, TMUJF, THOMBF, TPERSMAY14F, InclusionProbability_1, SampleWeightCumulative_1, PopulationSize_1, SampleSize_1) VALUES (126, 'LIMA NORTE 2', '150110', '15', 'LIMA', '01', 'LIMA', '10', 'COMAS', '0001', 'COMAS', 20835, '02500', '001,002,003,004,', 4, 142, 140, 728, 364, 364, 555, -1.94002e-30, 25876170788569088, 610, 26);
INSERT INTO t_marco_viv (id, ZONA_SUNAT, ubigeo, CCDD, Departamento, CCPP, Provincia, CCDI, Distrito, codccpp, nomccpp, nconglome1, zonas, mzna_ccpp, tot_mz_cp, totviv, totvivocup, totpobc, TMUJF, THOMBF, TPERSMAY14F, InclusionProbability_1, SampleWeightCumulative_1, PopulationSize_1, SampleSize_1) VALUES (127, 'LIMA NORTE 2', '150110', '15', 'LIMA', '01', 'LIMA', '10', 'COMAS', '0001', 'COMAS', 20857, '02700', '014,015,016,017,', 4, 233, 233, 1395, 697, 698, 1026, -1.94002e-30, 25876170788569088, 610, 26);
INSERT INTO t_marco_viv (id, ZONA_SUNAT, ubigeo, CCDD, Departamento, CCPP, Provincia, CCDI, Distrito, codccpp, nomccpp, nconglome1, zonas, mzna_ccpp, tot_mz_cp, totviv, totvivocup, totpobc, TMUJF, THOMBF, TPERSMAY14F, InclusionProbability_1, SampleWeightCumulative_1, PopulationSize_1, SampleSize_1) VALUES (128, 'LIMA NORTE 2', '150110', '15', 'LIMA', '01', 'LIMA', '10', 'COMAS', '0001', 'COMAS', 20889, '03100', '022,023,024,025A,027,028,029,030,031,032,', 10, 145, 145, 776, 396, 376, 574, -1.94002e-30, 25876170788569088, 610, 26);
INSERT INTO t_marco_viv (id, ZONA_SUNAT, ubigeo, CCDD, Departamento, CCPP, Provincia, CCDI, Distrito, codccpp, nomccpp, nconglome1, zonas, mzna_ccpp, tot_mz_cp, totviv, totvivocup, totpobc, TMUJF, THOMBF, TPERSMAY14F, InclusionProbability_1, SampleWeightCumulative_1, PopulationSize_1, SampleSize_1) VALUES (129, 'LIMA NORTE 2', '150110', '15', 'LIMA', '01', 'LIMA', '10', 'COMAS', '0001', 'COMAS', 20891, '03200', '001,002,003A,004,005,006,007,010B,011,012,013,014,015,016,017,', 15, 157, 157, 886, 423, 463, 665, -1.94002e-30, 25876170788569088, 610, 26);
INSERT INTO t_marco_viv (id, ZONA_SUNAT, ubigeo, CCDD, Departamento, CCPP, Provincia, CCDI, Distrito, codccpp, nomccpp, nconglome1, zonas, mzna_ccpp, tot_mz_cp, totviv, totvivocup, totpobc, TMUJF, THOMBF, TPERSMAY14F, InclusionProbability_1, SampleWeightCumulative_1, PopulationSize_1, SampleSize_1) VALUES (130, 'LIMA NORTE 2', '150110', '15', 'LIMA', '01', 'LIMA', '10', 'COMAS', '0001', 'COMAS', 20918, '03500', '006,007,009,', 3, 148, 145, 652, 330, 322, 512, -1.94002e-30, 25876170788569088, 610, 26);
INSERT INTO t_marco_viv (id, ZONA_SUNAT, ubigeo, CCDD, Departamento, CCPP, Provincia, CCDI, Distrito, codccpp, nomccpp, nconglome1, zonas, mzna_ccpp, tot_mz_cp, totviv, totvivocup, totpobc, TMUJF, THOMBF, TPERSMAY14F, InclusionProbability_1, SampleWeightCumulative_1, PopulationSize_1, SampleSize_1) VALUES (131, 'LIMA NORTE 2', '150110', '15', 'LIMA', '01', 'LIMA', '10', 'COMAS', '0001', 'COMAS', 20922, '03500', '024,025,026,027,028,', 5, 158, 158, 780, 398, 380, 611, -1.94002e-30, 25876170788569088, 610, 26);
INSERT INTO t_marco_viv (id, ZONA_SUNAT, ubigeo, CCDD, Departamento, CCPP, Provincia, CCDI, Distrito, codccpp, nomccpp, nconglome1, zonas, mzna_ccpp, tot_mz_cp, totviv, totvivocup, totpobc, TMUJF, THOMBF, TPERSMAY14F, InclusionProbability_1, SampleWeightCumulative_1, PopulationSize_1, SampleSize_1) VALUES (132, 'LIMA NORTE 2', '150110', '15', 'LIMA', '01', 'LIMA', '10', 'COMAS', '0001', 'COMAS', 20923, '03500', '030,031B,034,036,037,039,', 6, 163, 158, 650, 330, 317, 526, -1.94002e-30, 25876170788569088, 610, 26);
INSERT INTO t_marco_viv (id, ZONA_SUNAT, ubigeo, CCDD, Departamento, CCPP, Provincia, CCDI, Distrito, codccpp, nomccpp, nconglome1, zonas, mzna_ccpp, tot_mz_cp, totviv, totvivocup, totpobc, TMUJF, THOMBF, TPERSMAY14F, InclusionProbability_1, SampleWeightCumulative_1, PopulationSize_1, SampleSize_1) VALUES (133, 'LIMA NORTE 2', '150110', '15', 'LIMA', '01', 'LIMA', '10', 'COMAS', '0001', 'COMAS', 20975, '04100', '032A,034,035,036,037,038,039,040,', 8, 151, 151, 774, 394, 380, 584, -1.94002e-30, 25876170788569088, 610, 26);
INSERT INTO t_marco_viv (id, ZONA_SUNAT, ubigeo, CCDD, Departamento, CCPP, Provincia, CCDI, Distrito, codccpp, nomccpp, nconglome1, zonas, mzna_ccpp, tot_mz_cp, totviv, totvivocup, totpobc, TMUJF, THOMBF, TPERSMAY14F, InclusionProbability_1, SampleWeightCumulative_1, PopulationSize_1, SampleSize_1) VALUES (134, 'LIMA NORTE 2', '150110', '15', 'LIMA', '01', 'LIMA', '10', 'COMAS', '0001', 'COMAS', 20976, '04100', '041,042,043,044,045,046,047,048,049,', 9, 152, 152, 766, 387, 378, 588, -1.94002e-30, 25876170788569088, 610, 26);
INSERT INTO t_marco_viv (id, ZONA_SUNAT, ubigeo, CCDD, Departamento, CCPP, Provincia, CCDI, Distrito, codccpp, nomccpp, nconglome1, zonas, mzna_ccpp, tot_mz_cp, totviv, totvivocup, totpobc, TMUJF, THOMBF, TPERSMAY14F, InclusionProbability_1, SampleWeightCumulative_1, PopulationSize_1, SampleSize_1) VALUES (135, 'LIMA NORTE 2', '150110', '15', 'LIMA', '01', 'LIMA', '10', 'COMAS', '0001', 'COMAS', 20999, '04400', '015B,016,017,020,021,022,023A,024A,026A,028,029A,030,031,032C,032D,', 15, 141, 141, 714, 349, 364, 558, -1.94002e-30, 25876170788569088, 610, 26);
INSERT INTO t_marco_viv (id, ZONA_SUNAT, ubigeo, CCDD, Departamento, CCPP, Provincia, CCDI, Distrito, codccpp, nomccpp, nconglome1, zonas, mzna_ccpp, tot_mz_cp, totviv, totvivocup, totpobc, TMUJF, THOMBF, TPERSMAY14F, InclusionProbability_1, SampleWeightCumulative_1, PopulationSize_1, SampleSize_1) VALUES (136, 'LIMA NORTE 2', '150110', '15', 'LIMA', '01', 'LIMA', '10', 'COMAS', '0001', 'COMAS', 21015, '04600', '005,007,008,009,', 4, 167, 166, 981, 512, 468, 739, -1.94002e-30, 25876170788569088, 610, 26);
INSERT INTO t_marco_viv (id, ZONA_SUNAT, ubigeo, CCDD, Departamento, CCPP, Provincia, CCDI, Distrito, codccpp, nomccpp, nconglome1, zonas, mzna_ccpp, tot_mz_cp, totviv, totvivocup, totpobc, TMUJF, THOMBF, TPERSMAY14F, InclusionProbability_1, SampleWeightCumulative_1, PopulationSize_1, SampleSize_1) VALUES (137, 'LIMA NORTE 2', '150110', '15', 'LIMA', '01', 'LIMA', '10', 'COMAS', '0001', 'COMAS', 21020, '04600', '029,030,031,', 3, 177, 177, 740, 363, 375, 582, -1.94002e-30, 25876170788569088, 610, 26);
INSERT INTO t_marco_viv (id, ZONA_SUNAT, ubigeo, CCDD, Departamento, CCPP, Provincia, CCDI, Distrito, codccpp, nomccpp, nconglome1, zonas, mzna_ccpp, tot_mz_cp, totviv, totvivocup, totpobc, TMUJF, THOMBF, TPERSMAY14F, InclusionProbability_1, SampleWeightCumulative_1, PopulationSize_1, SampleSize_1) VALUES (138, 'LIMA NORTE 2', '150110', '15', 'LIMA', '01', 'LIMA', '10', 'COMAS', '0001', 'COMAS', 21040, '04800', '001,004,005,006,007,', 5, 194, 191, 917, 474, 442, 742, -1.94002e-30, 25876170788569088, 610, 26);
INSERT INTO t_marco_viv (id, ZONA_SUNAT, ubigeo, CCDD, Departamento, CCPP, Provincia, CCDI, Distrito, codccpp, nomccpp, nconglome1, zonas, mzna_ccpp, tot_mz_cp, totviv, totvivocup, totpobc, TMUJF, THOMBF, TPERSMAY14F, InclusionProbability_1, SampleWeightCumulative_1, PopulationSize_1, SampleSize_1) VALUES (139, 'LIMA NORTE 2', '150110', '15', 'LIMA', '01', 'LIMA', '10', 'COMAS', '0001', 'COMAS', 21057, '05000', '014,015,016,017,018,', 5, 160, 157, 647, 314, 333, 515, -1.94002e-30, 25876170788569088, 610, 26);
INSERT INTO t_marco_viv (id, ZONA_SUNAT, ubigeo, CCDD, Departamento, CCPP, Provincia, CCDI, Distrito, codccpp, nomccpp, nconglome1, zonas, mzna_ccpp, tot_mz_cp, totviv, totvivocup, totpobc, TMUJF, THOMBF, TPERSMAY14F, InclusionProbability_1, SampleWeightCumulative_1, PopulationSize_1, SampleSize_1) VALUES (140, 'LIMA NORTE 2', '150110', '15', 'LIMA', '01', 'LIMA', '10', 'COMAS', '0001', 'COMAS', 21089, '05200', '044,045,048,049,050,', 5, 143, 143, 617, 308, 308, 468, -1.94002e-30, 25876170788569088, 610, 26);
INSERT INTO t_marco_viv (id, ZONA_SUNAT, ubigeo, CCDD, Departamento, CCPP, Provincia, CCDI, Distrito, codccpp, nomccpp, nconglome1, zonas, mzna_ccpp, tot_mz_cp, totviv, totvivocup, totpobc, TMUJF, THOMBF, TPERSMAY14F, InclusionProbability_1, SampleWeightCumulative_1, PopulationSize_1, SampleSize_1) VALUES (141, 'LIMA NORTE 2', '150110', '15', 'LIMA', '01', 'LIMA', '10', 'COMAS', '0001', 'COMAS', 21095, '05300', '011,012,013,014,', 4, 183, 182, 966, 471, 492, 776, -1.94002e-30, 25876170788569088, 610, 26);
INSERT INTO t_marco_viv (id, ZONA_SUNAT, ubigeo, CCDD, Departamento, CCPP, Provincia, CCDI, Distrito, codccpp, nomccpp, nconglome1, zonas, mzna_ccpp, tot_mz_cp, totviv, totvivocup, totpobc, TMUJF, THOMBF, TPERSMAY14F, InclusionProbability_1, SampleWeightCumulative_1, PopulationSize_1, SampleSize_1) VALUES (142, 'LIMA NORTE 2', '150110', '15', 'LIMA', '01', 'LIMA', '10', 'COMAS', '0001', 'COMAS', 21134, '05700', '042,043,044A,045,046,048,048A,049,051,052,', 10, 173, 171, 827, 421, 406, 597, -1.94002e-30, 25876170788569088, 610, 26);
INSERT INTO t_marco_viv (id, ZONA_SUNAT, ubigeo, CCDD, Departamento, CCPP, Provincia, CCDI, Distrito, codccpp, nomccpp, nconglome1, zonas, mzna_ccpp, tot_mz_cp, totviv, totvivocup, totpobc, TMUJF, THOMBF, TPERSMAY14F, InclusionProbability_1, SampleWeightCumulative_1, PopulationSize_1, SampleSize_1) VALUES (143, 'LIMA NORTE 2', '150110', '15', 'LIMA', '01', 'LIMA', '10', 'COMAS', '0001', 'COMAS', 21161, '06100', '001,002,003,004,005,', 5, 168, 168, 837, 442, 395, 656, -1.94002e-30, 25876170788569088, 610, 26);
INSERT INTO t_marco_viv (id, ZONA_SUNAT, ubigeo, CCDD, Departamento, CCPP, Provincia, CCDI, Distrito, codccpp, nomccpp, nconglome1, zonas, mzna_ccpp, tot_mz_cp, totviv, totvivocup, totpobc, TMUJF, THOMBF, TPERSMAY14F, InclusionProbability_1, SampleWeightCumulative_1, PopulationSize_1, SampleSize_1) VALUES (144, 'LIMA NORTE 2', '150110', '15', 'LIMA', '01', 'LIMA', '10', 'COMAS', '0001', 'COMAS', 21162, '06100', '006,007,008,009,', 4, 157, 154, 762, 390, 370, 591, -1.94002e-30, 25876170788569088, 610, 26);
INSERT INTO t_marco_viv (id, ZONA_SUNAT, ubigeo, CCDD, Departamento, CCPP, Provincia, CCDI, Distrito, codccpp, nomccpp, nconglome1, zonas, mzna_ccpp, tot_mz_cp, totviv, totvivocup, totpobc, TMUJF, THOMBF, TPERSMAY14F, InclusionProbability_1, SampleWeightCumulative_1, PopulationSize_1, SampleSize_1) VALUES (145, 'LIMA NORTE 2', '150110', '15', 'LIMA', '01', 'LIMA', '10', 'COMAS', '0001', 'COMAS', 21164, '06100', '014,015,016,017,', 4, 179, 178, 821, 411, 409, 618, -1.94002e-30, 25876170788569088, 610, 26);
INSERT INTO t_marco_viv (id, ZONA_SUNAT, ubigeo, CCDD, Departamento, CCPP, Provincia, CCDI, Distrito, codccpp, nomccpp, nconglome1, zonas, mzna_ccpp, tot_mz_cp, totviv, totvivocup, totpobc, TMUJF, THOMBF, TPERSMAY14F, InclusionProbability_1, SampleWeightCumulative_1, PopulationSize_1, SampleSize_1) VALUES (146, 'LIMA NORTE 2', '150110', '15', 'LIMA', '01', 'LIMA', '10', 'COMAS', '0001', 'COMAS', 21219, '06500', '025,027,', 2, 152, 152, 562, 298, 262, 432, -1.94002e-30, 25876170788569088, 610, 26);
INSERT INTO t_marco_viv (id, ZONA_SUNAT, ubigeo, CCDD, Departamento, CCPP, Provincia, CCDI, Distrito, codccpp, nomccpp, nconglome1, zonas, mzna_ccpp, tot_mz_cp, totviv, totvivocup, totpobc, TMUJF, THOMBF, TPERSMAY14F, InclusionProbability_1, SampleWeightCumulative_1, PopulationSize_1, SampleSize_1) VALUES (147, 'LIMA NORTE 2', '150125', '15', 'LIMA', '01', 'LIMA', '25', 'PUENTE PIEDRA', '0001', 'PUENTE PIEDRA', 19040, '00200', '038,039,040,041,043,044,', 6, 150, 148, 743, 383, 359, 544, 4.64936e-23, -5.32265e-20, 371, 24);
INSERT INTO t_marco_viv (id, ZONA_SUNAT, ubigeo, CCDD, Departamento, CCPP, Provincia, CCDI, Distrito, codccpp, nomccpp, nconglome1, zonas, mzna_ccpp, tot_mz_cp, totviv, totvivocup, totpobc, TMUJF, THOMBF, TPERSMAY14F, InclusionProbability_1, SampleWeightCumulative_1, PopulationSize_1, SampleSize_1) VALUES (148, 'LIMA NORTE 2', '150125', '15', 'LIMA', '01', 'LIMA', '25', 'PUENTE PIEDRA', '0001', 'PUENTE PIEDRA', 19077, '00700', '001B,001C,003A,003B,003C,003D,004,005,006A,007B,007C,008,009,010,011,012,', 16, 144, 141, 536, 247, 289, 375, 4.64936e-23, -5.32265e-20, 371, 24);
INSERT INTO t_marco_viv (id, ZONA_SUNAT, ubigeo, CCDD, Departamento, CCPP, Provincia, CCDI, Distrito, codccpp, nomccpp, nconglome1, zonas, mzna_ccpp, tot_mz_cp, totviv, totvivocup, totpobc, TMUJF, THOMBF, TPERSMAY14F, InclusionProbability_1, SampleWeightCumulative_1, PopulationSize_1, SampleSize_1) VALUES (149, 'LIMA NORTE 2', '150125', '15', 'LIMA', '01', 'LIMA', '25', 'PUENTE PIEDRA', '0001', 'PUENTE PIEDRA', 19093, '01000', '026,027,028,029,030,031,032,033,035,', 9, 160, 160, 732, 389, 341, 563, 4.64936e-23, -5.32265e-20, 371, 24);
INSERT INTO t_marco_viv (id, ZONA_SUNAT, ubigeo, CCDD, Departamento, CCPP, Provincia, CCDI, Distrito, codccpp, nomccpp, nconglome1, zonas, mzna_ccpp, tot_mz_cp, totviv, totvivocup, totpobc, TMUJF, THOMBF, TPERSMAY14F, InclusionProbability_1, SampleWeightCumulative_1, PopulationSize_1, SampleSize_1) VALUES (150, 'LIMA NORTE 2', '150125', '15', 'LIMA', '01', 'LIMA', '25', 'PUENTE PIEDRA', '0001', 'PUENTE PIEDRA', 19098, '01100', '010,011,012,013,014,016,017,', 7, 149, 138, 611, 303, 308, 452, 4.64936e-23, -5.32265e-20, 371, 24);
INSERT INTO t_marco_viv (id, ZONA_SUNAT, ubigeo, CCDD, Departamento, CCPP, Provincia, CCDI, Distrito, codccpp, nomccpp, nconglome1, zonas, mzna_ccpp, tot_mz_cp, totviv, totvivocup, totpobc, TMUJF, THOMBF, TPERSMAY14F, InclusionProbability_1, SampleWeightCumulative_1, PopulationSize_1, SampleSize_1) VALUES (151, 'LIMA NORTE 2', '150125', '15', 'LIMA', '01', 'LIMA', '25', 'PUENTE PIEDRA', '0001', 'PUENTE PIEDRA', 19103, '01100', '055H,055I,055J,055K,055L,055M,055N,055O,055P,057A,057B,058A,058B,059A,059B,059C,059D,059E,059H,059I,059J,059K,059L,059M,', 24, 216, 192, 606, 282, 324, 371, 4.64936e-23, -5.32265e-20, 371, 24);
INSERT INTO t_marco_viv (id, ZONA_SUNAT, ubigeo, CCDD, Departamento, CCPP, Provincia, CCDI, Distrito, codccpp, nomccpp, nconglome1, zonas, mzna_ccpp, tot_mz_cp, totviv, totvivocup, totpobc, TMUJF, THOMBF, TPERSMAY14F, InclusionProbability_1, SampleWeightCumulative_1, PopulationSize_1, SampleSize_1) VALUES (152, 'LIMA NORTE 2', '150125', '15', 'LIMA', '01', 'LIMA', '25', 'PUENTE PIEDRA', '0001', 'PUENTE PIEDRA', 19106, '01200', '022,023,024C,024D,025B,025C,026,026A,027A,028,030A,030B,030C,030D,030E,030F,030G,030H,030I,030J,031,031A,033,034,034A,', 25, 143, 140, 454, 226, 228, 298, 4.64936e-23, -5.32265e-20, 371, 24);
INSERT INTO t_marco_viv (id, ZONA_SUNAT, ubigeo, CCDD, Departamento, CCPP, Provincia, CCDI, Distrito, codccpp, nomccpp, nconglome1, zonas, mzna_ccpp, tot_mz_cp, totviv, totvivocup, totpobc, TMUJF, THOMBF, TPERSMAY14F, InclusionProbability_1, SampleWeightCumulative_1, PopulationSize_1, SampleSize_1) VALUES (153, 'LIMA NORTE 2', '150125', '15', 'LIMA', '01', 'LIMA', '25', 'PUENTE PIEDRA', '0001', 'PUENTE PIEDRA', 19121, '01400', '044,046,047A,048,049,051A,052,057,', 8, 162, 127, 581, 274, 306, 426, 4.64936e-23, -5.32265e-20, 371, 24);
INSERT INTO t_marco_viv (id, ZONA_SUNAT, ubigeo, CCDD, Departamento, CCPP, Provincia, CCDI, Distrito, codccpp, nomccpp, nconglome1, zonas, mzna_ccpp, tot_mz_cp, totviv, totvivocup, totpobc, TMUJF, THOMBF, TPERSMAY14F, InclusionProbability_1, SampleWeightCumulative_1, PopulationSize_1, SampleSize_1) VALUES (154, 'LIMA NORTE 2', '150125', '15', 'LIMA', '01', 'LIMA', '25', 'PUENTE PIEDRA', '0001', 'PUENTE PIEDRA', 19126, '01500', '030F,031,032B,033,033A,033B,033C,033D,034,036,037,038,039,040,041,042,043,', 17, 170, 164, 644, 311, 331, 441, 4.64936e-23, -5.32265e-20, 371, 24);
INSERT INTO t_marco_viv (id, ZONA_SUNAT, ubigeo, CCDD, Departamento, CCPP, Provincia, CCDI, Distrito, codccpp, nomccpp, nconglome1, zonas, mzna_ccpp, tot_mz_cp, totviv, totvivocup, totpobc, TMUJF, THOMBF, TPERSMAY14F, InclusionProbability_1, SampleWeightCumulative_1, PopulationSize_1, SampleSize_1) VALUES (155, 'LIMA NORTE 2', '150125', '15', 'LIMA', '01', 'LIMA', '25', 'PUENTE PIEDRA', '0001', 'PUENTE PIEDRA', 19149, '01900', '024B,024D,024E,024F,027A,027B,027C,029A,029B,029C,030,033A,033B,033C,', 14, 141, 133, 483, 234, 247, 324, 4.64936e-23, -5.32265e-20, 371, 24);
INSERT INTO t_marco_viv (id, ZONA_SUNAT, ubigeo, CCDD, Departamento, CCPP, Provincia, CCDI, Distrito, codccpp, nomccpp, nconglome1, zonas, mzna_ccpp, tot_mz_cp, totviv, totvivocup, totpobc, TMUJF, THOMBF, TPERSMAY14F, InclusionProbability_1, SampleWeightCumulative_1, PopulationSize_1, SampleSize_1) VALUES (156, 'LIMA NORTE 2', '150125', '15', 'LIMA', '01', 'LIMA', '25', 'PUENTE PIEDRA', '0001', 'PUENTE PIEDRA', 19175, '02102', '033,035,036H,', 3, 236, 231, 1059, 510, 545, 779, 4.64936e-23, -5.32265e-20, 371, 24);
INSERT INTO t_marco_viv (id, ZONA_SUNAT, ubigeo, CCDD, Departamento, CCPP, Provincia, CCDI, Distrito, codccpp, nomccpp, nconglome1, zonas, mzna_ccpp, tot_mz_cp, totviv, totvivocup, totpobc, TMUJF, THOMBF, TPERSMAY14F, InclusionProbability_1, SampleWeightCumulative_1, PopulationSize_1, SampleSize_1) VALUES (157, 'LIMA NORTE 2', '150125', '15', 'LIMA', '01', 'LIMA', '25', 'PUENTE PIEDRA', '0001', 'PUENTE PIEDRA', 19228, '03000', '024C,024E,024G,024H,024I,025,026,028B,028C,028D,', 10, 186, 184, 809, 397, 412, 572, 4.64936e-23, -5.32265e-20, 371, 24);
INSERT INTO t_marco_viv (id, ZONA_SUNAT, ubigeo, CCDD, Departamento, CCPP, Provincia, CCDI, Distrito, codccpp, nomccpp, nconglome1, zonas, mzna_ccpp, tot_mz_cp, totviv, totvivocup, totpobc, TMUJF, THOMBF, TPERSMAY14F, InclusionProbability_1, SampleWeightCumulative_1, PopulationSize_1, SampleSize_1) VALUES (158, 'LIMA NORTE 2', '150125', '15', 'LIMA', '01', 'LIMA', '25', 'PUENTE PIEDRA', '0001', 'PUENTE PIEDRA', 19257, '03500', '023,024,025,026,027,029,', 6, 142, 137, 724, 374, 349, 544, 4.64936e-23, -5.32265e-20, 371, 24);
INSERT INTO t_marco_viv (id, ZONA_SUNAT, ubigeo, CCDD, Departamento, CCPP, Provincia, CCDI, Distrito, codccpp, nomccpp, nconglome1, zonas, mzna_ccpp, tot_mz_cp, totviv, totvivocup, totpobc, TMUJF, THOMBF, TPERSMAY14F, InclusionProbability_1, SampleWeightCumulative_1, PopulationSize_1, SampleSize_1) VALUES (159, 'LIMA NORTE 2', '150125', '15', 'LIMA', '01', 'LIMA', '25', 'PUENTE PIEDRA', '0001', 'PUENTE PIEDRA', 19261, '03500', '051,052,053,054,055,056,057,058,059,060,', 10, 197, 192, 955, 489, 459, 743, 4.64936e-23, -5.32265e-20, 371, 24);
INSERT INTO t_marco_viv (id, ZONA_SUNAT, ubigeo, CCDD, Departamento, CCPP, Provincia, CCDI, Distrito, codccpp, nomccpp, nconglome1, zonas, mzna_ccpp, tot_mz_cp, totviv, totvivocup, totpobc, TMUJF, THOMBF, TPERSMAY14F, InclusionProbability_1, SampleWeightCumulative_1, PopulationSize_1, SampleSize_1) VALUES (160, 'LIMA NORTE 2', '150125', '15', 'LIMA', '01', 'LIMA', '25', 'PUENTE PIEDRA', '0001', 'PUENTE PIEDRA', 19289, '03800', '075,078,079,081A,', 4, 145, 144, 579, 302, 277, 441, 4.64936e-23, -5.32265e-20, 371, 24);
INSERT INTO t_marco_viv (id, ZONA_SUNAT, ubigeo, CCDD, Departamento, CCPP, Provincia, CCDI, Distrito, codccpp, nomccpp, nconglome1, zonas, mzna_ccpp, tot_mz_cp, totviv, totvivocup, totpobc, TMUJF, THOMBF, TPERSMAY14F, InclusionProbability_1, SampleWeightCumulative_1, PopulationSize_1, SampleSize_1) VALUES (161, 'LIMA NORTE 2', '150125', '15', 'LIMA', '01', 'LIMA', '25', 'PUENTE PIEDRA', '0001', 'PUENTE PIEDRA', 19295, '03900', '031,032,037,038,039,040A,041,042A,044A,046A,046B,049A,049B,051,051A,056,057A,057B,058,', 19, 169, 162, 597, 288, 305, 450, 4.64936e-23, -5.32265e-20, 371, 24);
INSERT INTO t_marco_viv (id, ZONA_SUNAT, ubigeo, CCDD, Departamento, CCPP, Provincia, CCDI, Distrito, codccpp, nomccpp, nconglome1, zonas, mzna_ccpp, tot_mz_cp, totviv, totvivocup, totpobc, TMUJF, THOMBF, TPERSMAY14F, InclusionProbability_1, SampleWeightCumulative_1, PopulationSize_1, SampleSize_1) VALUES (162, 'LIMA NORTE 2', '150125', '15', 'LIMA', '01', 'LIMA', '25', 'PUENTE PIEDRA', '0001', 'PUENTE PIEDRA', 19296, '03900', '059,060,061,062,063,064,065,066,067C,068F,069,', 11, 140, 140, 629, 324, 305, 443, 4.64936e-23, -5.32265e-20, 371, 24);
INSERT INTO t_marco_viv (id, ZONA_SUNAT, ubigeo, CCDD, Departamento, CCPP, Provincia, CCDI, Distrito, codccpp, nomccpp, nconglome1, zonas, mzna_ccpp, tot_mz_cp, totviv, totvivocup, totpobc, TMUJF, THOMBF, TPERSMAY14F, InclusionProbability_1, SampleWeightCumulative_1, PopulationSize_1, SampleSize_1) VALUES (163, 'LIMA NORTE 2', '150125', '15', 'LIMA', '01', 'LIMA', '25', 'PUENTE PIEDRA', '0001', 'PUENTE PIEDRA', 19313, '04200', '011,012,013A,016,017,020,021,', 7, 145, 140, 690, 336, 348, 540, 4.64936e-23, -5.32265e-20, 371, 24);
INSERT INTO t_marco_viv (id, ZONA_SUNAT, ubigeo, CCDD, Departamento, CCPP, Provincia, CCDI, Distrito, codccpp, nomccpp, nconglome1, zonas, mzna_ccpp, tot_mz_cp, totviv, totvivocup, totpobc, TMUJF, THOMBF, TPERSMAY14F, InclusionProbability_1, SampleWeightCumulative_1, PopulationSize_1, SampleSize_1) VALUES (164, 'LIMA NORTE 2', '150125', '15', 'LIMA', '01', 'LIMA', '25', 'PUENTE PIEDRA', '0001', 'PUENTE PIEDRA', 19315, '04200', '032,034,035,036,037,038,039,040,', 8, 147, 142, 750, 360, 390, 582, 4.64936e-23, -5.32265e-20, 371, 24);
INSERT INTO t_marco_viv (id, ZONA_SUNAT, ubigeo, CCDD, Departamento, CCPP, Provincia, CCDI, Distrito, codccpp, nomccpp, nconglome1, zonas, mzna_ccpp, tot_mz_cp, totviv, totvivocup, totpobc, TMUJF, THOMBF, TPERSMAY14F, InclusionProbability_1, SampleWeightCumulative_1, PopulationSize_1, SampleSize_1) VALUES (165, 'LIMA NORTE 2', '150125', '15', 'LIMA', '01', 'LIMA', '25', 'PUENTE PIEDRA', '0001', 'PUENTE PIEDRA', 19316, '04200', '041,043,044,045,046,047,048,', 7, 171, 168, 876, 434, 440, 675, 4.64936e-23, -5.32265e-20, 371, 24);
INSERT INTO t_marco_viv (id, ZONA_SUNAT, ubigeo, CCDD, Departamento, CCPP, Provincia, CCDI, Distrito, codccpp, nomccpp, nconglome1, zonas, mzna_ccpp, tot_mz_cp, totviv, totvivocup, totpobc, TMUJF, THOMBF, TPERSMAY14F, InclusionProbability_1, SampleWeightCumulative_1, PopulationSize_1, SampleSize_1) VALUES (166, 'LIMA NORTE 2', '150125', '15', 'LIMA', '01', 'LIMA', '25', 'PUENTE PIEDRA', '0001', 'PUENTE PIEDRA', 19324, '04300', '056,057,058,059,060,', 5, 144, 142, 675, 340, 335, 491, 4.64936e-23, -5.32265e-20, 371, 24);
INSERT INTO t_marco_viv (id, ZONA_SUNAT, ubigeo, CCDD, Departamento, CCPP, Provincia, CCDI, Distrito, codccpp, nomccpp, nconglome1, zonas, mzna_ccpp, tot_mz_cp, totviv, totvivocup, totpobc, TMUJF, THOMBF, TPERSMAY14F, InclusionProbability_1, SampleWeightCumulative_1, PopulationSize_1, SampleSize_1) VALUES (167, 'LIMA NORTE 2', '150125', '15', 'LIMA', '01', 'LIMA', '25', 'PUENTE PIEDRA', '0001', 'PUENTE PIEDRA', 19335, '04500', '042C,043,044A,046A,047,048,', 6, 154, 145, 599, 308, 291, 423, 4.64936e-23, -5.32265e-20, 371, 24);
INSERT INTO t_marco_viv (id, ZONA_SUNAT, ubigeo, CCDD, Departamento, CCPP, Provincia, CCDI, Distrito, codccpp, nomccpp, nconglome1, zonas, mzna_ccpp, tot_mz_cp, totviv, totvivocup, totpobc, TMUJF, THOMBF, TPERSMAY14F, InclusionProbability_1, SampleWeightCumulative_1, PopulationSize_1, SampleSize_1) VALUES (168, 'LIMA NORTE 2', '150125', '15', 'LIMA', '01', 'LIMA', '25', 'PUENTE PIEDRA', '0001', 'PUENTE PIEDRA', 19351, '04800', '042,043,044,045,046,', 5, 165, 158, 770, 370, 397, 557, 4.64936e-23, -5.32265e-20, 371, 24);
INSERT INTO t_marco_viv (id, ZONA_SUNAT, ubigeo, CCDD, Departamento, CCPP, Provincia, CCDI, Distrito, codccpp, nomccpp, nconglome1, zonas, mzna_ccpp, tot_mz_cp, totviv, totvivocup, totpobc, TMUJF, THOMBF, TPERSMAY14F, InclusionProbability_1, SampleWeightCumulative_1, PopulationSize_1, SampleSize_1) VALUES (169, 'LIMA NORTE 2', '150125', '15', 'LIMA', '01', 'LIMA', '25', 'PUENTE PIEDRA', '0001', 'PUENTE PIEDRA', 19353, '04800', '053,054,055,056,058,059,060,', 7, 207, 206, 859, 440, 415, 614, 4.64936e-23, -5.32265e-20, 371, 24);
INSERT INTO t_marco_viv (id, ZONA_SUNAT, ubigeo, CCDD, Departamento, CCPP, Provincia, CCDI, Distrito, codccpp, nomccpp, nconglome1, zonas, mzna_ccpp, tot_mz_cp, totviv, totvivocup, totpobc, TMUJF, THOMBF, TPERSMAY14F, InclusionProbability_1, SampleWeightCumulative_1, PopulationSize_1, SampleSize_1) VALUES (170, 'LIMA NORTE 2', '150125', '15', 'LIMA', '01', 'LIMA', '25', 'PUENTE PIEDRA', '0001', 'PUENTE PIEDRA', 19392, '05500', '025B,026,027,028,029,030,031,032,033,034,035D,036,037A,', 13, 140, 134, 583, 291, 292, 424, 4.64936e-23, -5.32265e-20, 371, 24);
INSERT INTO t_marco_viv (id, ZONA_SUNAT, ubigeo, CCDD, Departamento, CCPP, Provincia, CCDI, Distrito, codccpp, nomccpp, nconglome1, zonas, mzna_ccpp, tot_mz_cp, totviv, totvivocup, totpobc, TMUJF, THOMBF, TPERSMAY14F, InclusionProbability_1, SampleWeightCumulative_1, PopulationSize_1, SampleSize_1) VALUES (171, 'LIMA NORTE 2', '150139', '15', 'LIMA', '01', 'LIMA', '39', 'SANTA ROSA', '0001', 'SANTA ROSA', 18593, '00401', '006,007,008,008C,008D,008E,008F,008G,008H,008I,008J,008K,009,009C,', 14, 144, 132, 313, 163, 150, 196, -2.75782e+36, 0, 28, 1);

CREATE TABLE t_contpotenciales(
ID INTEGER PRIMARY KEY AUTO_INCREMENT,
ZONA_SUNAT VARCHAR(20),
CUEST INTEGER NOT NULL,
ACTIVO INTEGER NOT NULL DEFAULT '1',
UBIGEO CHAR(6),
CCDD VARCHAR(2),
DEPARTAMENTO VARCHAR(60),
CCPP VARCHAR(2),
PROVINCIA VARCHAR(60),
CCDI VARCHAR(2),
DISTRITO VARCHAR(60),
ZONNUM VARCHAR(5),
ZONALF VARCHAR(1),
MZNNUM VARCHAR(3),
MZNALF VARCHAR(1),
CONGLOMERADO VARCHAR(5),
VIVIENDA INTEGER,
RESFIN_DIA INTEGER,
RESFIN_MES INTEGER,
RESFIN INTEGER,
RESFIN_O VARCHAR(60),
ENC_DNI VARCHAR(8),
ENC_NOMB VARCHAR(80),
SUP_DNI VARCHAR(8),
SUP_NOMB VARCHAR(80),
TOT_HOGAR INTEGER,
HOGAR INTEGER,
ENTREVISTADO VARCHAR(80),
NOMBRES VARCHAR(40),
APELLIDOS VARCHAR(40),
DIRECCION VARCHAR(240),
P1 INTEGER,
P2 INTEGER,
P3 INTEGER,
P3_A INTEGER,
P3_B INTEGER,
P3_C INTEGER,
P4 INTEGER,
P5 INTEGER,
P5_O VARCHAR(60),
P6_OCUP_PRINCIP INTEGER,
P6_OCUP_PRINCIP_AUX INTEGER,
P7_OCUP_PRINCIP INTEGER,
P7_OCUP_PRINCIP_O VARCHAR(60),
P8_OCUP_PRINCIP INTEGER,
P8_OCUP_PRINCIP_O VARCHAR(60),
P6_OCUP_SECUND INTEGER,
P6_OCUP_SECUND_AUX INTEGER,
P7_OCUP_SECUND INTEGER,
P7_OCUP_SECUND_O VARCHAR(60),
P8_OCUP_SECUND INTEGER,
P8_OCUP_SECUND_O VARCHAR(60),
P8_A_OCUP_PRINCIP VARCHAR(10),
P8_A_OCUP_PRINCIP_ENT INTEGER,
P8_A_OCUP_PRINCIP_DEC CHAR(2),
P8_B_OCUP_PRINCIP INTEGER,
P8_A_OCUP_SECUND VARCHAR(10),
P8_A_OCUP_SECUND_ENT INTEGER,
P8_A_OCUP_SECUND_DEC CHAR(2),
P8_B_OCUP_SECUND INTEGER,
P9 INTEGER,
P9_O VARCHAR(60),
OBS_1 VARCHAR(1000),
P10_AUX INTEGER,
P10_1 INTEGER,
P10_2 INTEGER,
P10_3 INTEGER,
P10_4 INTEGER,
P11_A INTEGER,
P11_B INTEGER,
P11_C INTEGER,
P11_D INTEGER,
P12 INTEGER,
P12_O VARCHAR(100),
P13 INTEGER,
P13_O VARCHAR(100),
P14 INTEGER,
P14_O VARCHAR(100),
P15 INTEGER,
P15_O VARCHAR(100),
P16 INTEGER,
P17_AUX INTEGER,
P17_1 INTEGER,
P17_2 INTEGER,
P17_3 INTEGER,
OBS_2 VARCHAR(1000),
P18_AUX INTEGER,
P18_1 INTEGER,
P18_2 INTEGER,
P18_3 INTEGER,
P18_4 INTEGER,
P18_5 INTEGER,
P18_6 INTEGER,
P18_7 INTEGER,
P18_8 INTEGER,
P18_9 INTEGER,
P18_10 INTEGER,
OBS_3 VARCHAR(1000),
usucre INTEGER DEFAULT NULL REFERENCES usuarios (id),
usuact INTEGER DEFAULT NULL REFERENCES usuarios (id),
created_at DATETIME DEFAULT CURRENT_TIMESTAMP,
updated_at DATETIME DEFAULT NULL );

CREATE VIEW carga_usuario_viv AS 
select usucre AS usuario_id,
max(CUEST) AS ncuest from t_contpotenciales group by usucre;

CREATE VIEW cuest_viv_usuario AS 
select 
ID,
ZONA_SUNAT AS ZONA,
ENC_NOMB AS ENCUESTADOR,
CUEST,
DISTRITO,
CONGLOMERADO,
VIVIENDA,
concat_ws(' ',APELLIDOS,NOMBRES) AS ENTREVISTADO,
(case 
When (isnull(P1) OR isnull(P9) OR isnull(P16)) AND updated_at IS NOT NULL then 'INCOMPLETO'
when isnull(updated_at) then 'PENDIENTE' else 'PROCESADO' end) AS ESTADO,
convert_tz(created_at,'+00:00','-05:00') AS FECHA, 
usucre AS USUCRE,
usuact AS USUACT 
from t_contpotenciales 
 WHERE ACTIVO=1 
ORDER BY CUEST ASC;

CREATE VIEW cuest_viv_todos AS 
select t1.ID,
t4.datos AS USUARIO,
t1.ZONA_SUNAT AS ZONA,
t1.ENC_NOMB AS ENCUESTADOR,
t1.CUEST,
t1.DISTRITO,
t1.CONGLOMERADO,
t1.VIVIENDA,
concat_ws(' ',t1.APELLIDOS,t1.NOMBRES) AS ENTREVISTADO,
(case 
When t1.ACTIVO>0 AND (isnull(t1.P1) OR isnull(t1.P9) OR isnull(t1.P16)) AND updated_at IS NOT NULL then 'INCOMPLETO'
when t1.ACTIVO>0 AND isnull(t1.updated_at) then 'PENDIENTE' 
When t1.ACTIVO=0 then 'ELIMINADO' else 'PROCESADO' end) AS ESTADO, ACTIVO,
convert_tz(t1.created_at,'+00:00','-05:00') AS FECHA, 
t1.usucre AS USUCRE,
t1.usuact AS USUACT 
from t_contpotenciales t1 INNER JOIN personal t4 ON t1.usucre=t4.id 
ORDER BY USUARIO ASC, CUEST ASC ;

CREATE TABLE consis_contpotenciales(
ID INTEGER PRIMARY KEY,
ZONA_SUNAT VARCHAR(20),
CUEST INTEGER NOT NULL,
ACTIVO INTEGER NOT NULL DEFAULT '1',
UBIGEO CHAR(6),
CCDD VARCHAR(2),
DEPARTAMENTO VARCHAR(60),
CCPP VARCHAR(2),
PROVINCIA VARCHAR(60),
CCDI VARCHAR(2),
DISTRITO VARCHAR(60),
ZONNUM VARCHAR(5),
ZONALF VARCHAR(1),
MZNNUM VARCHAR(3),
MZNALF VARCHAR(1),
CONGLOMERADO VARCHAR(5),
VIVIENDA INTEGER,
RESFIN_DIA INTEGER,
RESFIN_MES INTEGER,
RESFIN INTEGER,
RESFIN_O VARCHAR(60),
ENC_DNI VARCHAR(8),
ENC_NOMB VARCHAR(80),
SUP_DNI VARCHAR(8),
SUP_NOMB VARCHAR(80),
TOT_HOGAR INTEGER,
HOGAR INTEGER,
ENTREVISTADO VARCHAR(80),
NOMBRES VARCHAR(40),
APELLIDOS VARCHAR(40),
DIRECCION VARCHAR(240),
P1 INTEGER,
P2 INTEGER,
P3 INTEGER,
P3_A INTEGER,
P3_B INTEGER,
P3_C INTEGER,
P4 INTEGER,
P5 INTEGER,
P5_O VARCHAR(60),
P6_OCUP_PRINCIP INTEGER,
P6_OCUP_PRINCIP_AUX INTEGER,
P7_OCUP_PRINCIP INTEGER,
P7_OCUP_PRINCIP_O VARCHAR(60),
P8_OCUP_PRINCIP INTEGER,
P8_OCUP_PRINCIP_O VARCHAR(60),
P6_OCUP_SECUND INTEGER,
P6_OCUP_SECUND_AUX INTEGER,
P7_OCUP_SECUND INTEGER,
P7_OCUP_SECUND_O VARCHAR(60),
P8_OCUP_SECUND INTEGER,
P8_OCUP_SECUND_O VARCHAR(60),
P8_A_OCUP_PRINCIP VARCHAR(10),
P8_A_OCUP_PRINCIP_ENT INTEGER,
P8_A_OCUP_PRINCIP_DEC CHAR(2),
P8_B_OCUP_PRINCIP INTEGER,
P8_A_OCUP_SECUND VARCHAR(10),
P8_A_OCUP_SECUND_ENT INTEGER,
P8_A_OCUP_SECUND_DEC CHAR(2),
P8_B_OCUP_SECUND INTEGER,
P9 INTEGER,
P9_O VARCHAR(60),
OBS_1 VARCHAR(1000),
P10_AUX INTEGER,
P10_1 INTEGER,
P10_2 INTEGER,
P10_3 INTEGER,
P10_4 INTEGER,
P11_A INTEGER,
P11_B INTEGER,
P11_C INTEGER,
P11_D INTEGER,
P12 INTEGER,
P12_O VARCHAR(100),
P13 INTEGER,
P13_O VARCHAR(100),
P14 INTEGER,
P14_O VARCHAR(100),
P15 INTEGER,
P15_O VARCHAR(100),
P16 INTEGER,
P17_AUX INTEGER,
P17_1 INTEGER,
P17_2 INTEGER,
P17_3 INTEGER,
OBS_2 VARCHAR(1000),
P18_AUX INTEGER,
P18_1 INTEGER,
P18_2 INTEGER,
P18_3 INTEGER,
P18_4 INTEGER,
P18_5 INTEGER,
P18_6 INTEGER,
P18_7 INTEGER,
P18_8 INTEGER,
P18_9 INTEGER,
P18_10 INTEGER,
OBS_3 VARCHAR(1000),
usucre INTEGER DEFAULT NULL,
usuact INTEGER DEFAULT NULL,
created_at DATETIME DEFAULT CURRENT_TIMESTAMP,
updated_at DATETIME DEFAULT NULL );


CREATE TABLE t_ccf_pag1(
ID INTEGER PRIMARY KEY AUTO_INCREMENT,
CUEST INTEGER,
ACTIVO INTEGER NOT NULL DEFAULT '1',
CCF_NOMBRE VARCHAR (120),
CCF_CODIGO VARCHAR (25) default null REFERENCES sedes_csc(CODIGO),
ZONA_SUNAT VARCHAR (30),
ENC_FECHA VARCHAR (10),
ENC_DIA INTEGER, 
ENC_MES INTEGER, 
ENC_ANIO INTEGER, 
RESFIN INTEGER, 
RESFIN_O VARCHAR(60),
ENC_DNI VARCHAR(8),
ENC_NOMB VARCHAR(80),
SUP_DNI VARCHAR(8),
SUP_NOMB VARCHAR(80),
INF_FILTRO INTEGER, 
USUARIO_ENTREVISTADO VARCHAR(60),
USUARIO_NOMBRES VARCHAR(30),
USUARIO_APELLIDOS VARCHAR(30),
USUARIO_DIRECCION VARCHAR(240),
P1 VARCHAR(60),
P1_UBIGEO VARCHAR(6),
P2 INTEGER, 
P3 INTEGER, 
P3_GRUPOS INTEGER, 
P4 VARCHAR(11),
P5 INTEGER, 
P6 INTEGER, 
P7 VARCHAR(240),
P8 VARCHAR(240),
P8_DISTRITO VARCHAR(60),
P9 INTEGER, 
usucre INTEGER DEFAULT NULL REFERENCES usuarios(id),
usuact INTEGER DEFAULT NULL REFERENCES usuarios(id),
created_at DATETIME DEFAULT CURRENT_TIMESTAMP, 
updated_at DATETIME DEFAULT NULL);

CREATE UNIQUE INDEX cuestionario_usuario ON t_ccf_pag1(CUEST,usucre);


CREATE TABLE t_ccf_pag2(
ID INTEGER PRIMARY KEY REFERENCES t_ccf_pag1(ID),
CUEST INTEGER,
ACTIVO INTEGER NOT NULL DEFAULT '1',
P10 INTEGER, 
P10_AUX INTEGER DEFAULT NULL,
P10_1 VARCHAR(100),
P10_2 VARCHAR(100),
P10_3 VARCHAR(100),
P10_4 VARCHAR(100),
P10_5 VARCHAR(100),
P11 INTEGER, 
P12 INTEGER, 
P13_AUX INTEGER DEFAULT NULL,
P13_1 INTEGER, 
P13_2 INTEGER, 
P13_3 INTEGER, 
P13_4 INTEGER, 
P13_O VARCHAR(60),
P14 INTEGER, 
P15 INTEGER, 
P15_1 INTEGER, 
P15_2 INTEGER, 
P15_3 INTEGER, 
P15_4 INTEGER, 
P15_5 INTEGER, 
P15_O VARCHAR(60),
P16 INTEGER, 
P17 VARCHAR(8),
P17_HOR INTEGER, 
P17_MIN INTEGER, 
P18 VARCHAR(8),
P18_HOR INTEGER, 
P18_MIN INTEGER, 
P19 INTEGER, 
P20 INTEGER, 
P21 INTEGER, 
P21_AUX INTEGER DEFAULT NULL,
P21_1 VARCHAR(100),
P21_2 VARCHAR(100),
P21_3 VARCHAR(100),
P22 INTEGER, 
P22_AUX INTEGER DEFAULT NULL,
P22_1 INTEGER, 
P22_2 INTEGER, 
P22_3 INTEGER, 
P22_4 INTEGER, 
P22_O VARCHAR(60),
P23_AUX INTEGER DEFAULT NULL,
P23_1 INTEGER, 
P23_2 INTEGER, 
P23_3 INTEGER, 
P23_4 INTEGER, 
P23_5 INTEGER, 
P23_6 INTEGER, 
P23_O VARCHAR(60),
P24 VARCHAR(5),
P24_HOR INTEGER, 
P24_MIN INTEGER, 
P25 VARCHAR(6),
P25_ENT INTEGER, 
P25_DEC VARCHAR(2),
usucre INTEGER DEFAULT NULL REFERENCES usuarios(id),
usuact INTEGER DEFAULT NULL REFERENCES usuarios(id),
created_at DATETIME DEFAULT CURRENT_TIMESTAMP, 
updated_at DATETIME DEFAULT NULL);

CREATE UNIQUE INDEX cuestionario_usuario ON t_ccf_pag2(CUEST,usucre);


CREATE TABLE t_ccf_pag3(
ID INTEGER PRIMARY KEY REFERENCES t_ccf_pag1(ID),
CUEST INTEGER,
ACTIVO INTEGER NOT NULL DEFAULT '1',
V_01_1 INTEGER, 
V_01_2 INTEGER, 
V_02_1 INTEGER, 
V_02_2 INTEGER, 
V_03_1 INTEGER, 
V_03_2 INTEGER, 
V_03_3 INTEGER, 
V_03_4 INTEGER, 
V_03_5 INTEGER, 
V_04_1 INTEGER, 
V_04_2 INTEGER, 
V_05_1 INTEGER, 
V_05_2 INTEGER, 
V_05_3 INTEGER, 
V_06_1 INTEGER, 
V_06_2 INTEGER, 
V_06_3 INTEGER, 
V_06_4 INTEGER, 
V_06_5 INTEGER, 
V_06_6 INTEGER, 
V_07_1 INTEGER, 
V_07_2 INTEGER, 
V_07_3 INTEGER, 
V_08_1 INTEGER, 
V_08_2 INTEGER, 
V_08_3 INTEGER, 
V_09 INTEGER, 
usucre INTEGER DEFAULT NULL REFERENCES usuarios(id),
usuact INTEGER DEFAULT NULL REFERENCES usuarios(id),
created_at DATETIME DEFAULT CURRENT_TIMESTAMP, 
updated_at DATETIME DEFAULT NULL);

CREATE UNIQUE INDEX cuestionario_usuario ON t_ccf_pag3(CUEST,usucre);

CREATE VIEW carga_usuario_ccf AS 
SELECT usucre AS usuario_id, max( CUEST ) AS ncuest
FROM t_ccf_pag1
GROUP BY usucre;

CREATE VIEW cuest_usuario_ccf AS 
select 
t1.ID AS ID,
concat_ws(' - ', s.centro_servicio, s.direccion) AS SEDE,
ZONA_SUNAT AS ZONA,
t1.CUEST AS CUEST,
concat_ws(' ',USUARIO_APELLIDOS,USUARIO_NOMBRES) AS ENCUESTADO,
P1 AS DISTRITO,
P4 AS RUC,
(case 
When (isnull(t1.P6) OR isnull(t2.P16) OR isnull(t3.V_09)) AND t3.updated_at IS NOT NULL then 'INCOMPLETO'
when isnull(t1.updated_at) OR isnull(t2.updated_at) OR isnull(t3.updated_at) then 'PENDIENTE' else 'PROCESADO' end) AS ESTADO,
convert_tz(t1.created_at,'+00:00','-05:00') AS FECHA, 
t1.usucre AS USUCRE,
t1.usuact AS USUACT 
from t_ccf_pag1 t1 INNER JOIN t_ccf_pag2 t2 ON t1.id=t2.id 
INNER JOIN t_ccf_pag3 t3 ON t1.id=t3.id 
LEFT JOIN sedes_sunat s ON t1.CCF_CODIGO = s.codigo   
 WHERE t1.ACTIVO=1 
ORDER BY CUEST ASC;

CREATE VIEW cuest_todos_ccf AS 
select 
t1.ID AS ID,
t4.datos AS USUARIO,
concat_ws(' - ', s.centro_servicio, s.direccion) AS SEDE,
ZONA_SUNAT AS ZONA,
t1.CUEST AS CUEST,
concat_ws(' ',USUARIO_APELLIDOS,USUARIO_NOMBRES) AS ENCUESTADO,
P1 AS DISTRITO,
P4 AS RUC,
(case 
When t1.ACTIVO>0 AND (isnull(t1.P6) OR isnull(t2.P16) OR isnull(t3.V_09)) AND t3.updated_at IS NOT NULL then 'INCOMPLETO'
when t1.ACTIVO>0 AND (isnull(t1.updated_at) OR isnull(t2.updated_at) OR isnull(t3.updated_at)) then 'PENDIENTE' 
When t1.ACTIVO=0 then 'ELIMINADO' 
 else 'PROCESADO' end) AS ESTADO, 
t1.ACTIVO, 
convert_tz(t1.created_at,'+00:00','-05:00') AS FECHA,  
t1.usucre AS USUCRE,
t1.usuact AS USUACT 
from t_ccf_pag1 t1 LEFT JOIN t_ccf_pag2 t2 ON t1.id=t2.id 
LEFT JOIN t_ccf_pag3 t3 ON t1.id=t3.id 
INNER JOIN personal t4 ON t1.usucre=t4.id 
LEFT JOIN sedes_sunat s ON t1.CCF_CODIGO = s.codigo   
ORDER BY USUARIO ASC, CUEST ASC ;


CREATE TABLE consis_ccf_pag1(
ID INTEGER PRIMARY KEY,
CUEST INTEGER,
ACTIVO INTEGER NOT NULL DEFAULT '1',
CCF_NOMBRE VARCHAR (120),
CCF_CODIGO VARCHAR (25) default null,
ZONA_SUNAT VARCHAR (30),
ENC_FECHA VARCHAR (10),
ENC_DIA INTEGER, 
ENC_MES INTEGER, 
ENC_ANIO INTEGER, 
RESFIN INTEGER, 
RESFIN_O VARCHAR(60),
ENC_DNI VARCHAR(8),
ENC_NOMB VARCHAR(80),
SUP_DNI VARCHAR(8),
SUP_NOMB VARCHAR(80),
INF_FILTRO INTEGER, 
USUARIO_ENTREVISTADO VARCHAR(60),
USUARIO_NOMBRES VARCHAR(30),
USUARIO_APELLIDOS VARCHAR(30),
USUARIO_DIRECCION VARCHAR(240),
P1 VARCHAR(60),
P1_UBIGEO VARCHAR(6),
P2 INTEGER, 
P3 INTEGER, 
P3_GRUPOS INTEGER, 
P4 VARCHAR(11),
P5 INTEGER, 
P6 INTEGER, 
P7 VARCHAR(240),
P8 VARCHAR(240),
P8_DISTRITO VARCHAR(60),
P9 INTEGER, 
usucre INTEGER DEFAULT NULL,
usuact INTEGER DEFAULT NULL,
created_at DATETIME DEFAULT CURRENT_TIMESTAMP, 
updated_at DATETIME DEFAULT NULL);

CREATE UNIQUE INDEX cuestionario_usuario ON consis_ccf_pag1(CUEST,usucre);


CREATE TABLE consis_ccf_pag2(
ID INTEGER PRIMARY KEY REFERENCES consis_ccf_pag1(ID),
CUEST INTEGER,
ACTIVO INTEGER NOT NULL DEFAULT '1',
P10 INTEGER, 
P10_AUX INTEGER DEFAULT NULL,
P10_1 VARCHAR(100),
P10_2 VARCHAR(100),
P10_3 VARCHAR(100),
P10_4 VARCHAR(100),
P10_5 VARCHAR(100),
P11 INTEGER, 
P12 INTEGER, 
P13_AUX INTEGER DEFAULT NULL,
P13_1 INTEGER, 
P13_2 INTEGER, 
P13_3 INTEGER, 
P13_4 INTEGER, 
P13_O VARCHAR(60),
P14 INTEGER, 
P15 INTEGER, 
P15_1 INTEGER, 
P15_2 INTEGER, 
P15_3 INTEGER, 
P15_4 INTEGER, 
P15_5 INTEGER, 
P15_O VARCHAR(60),
P16 INTEGER, 
P17 VARCHAR(8),
P17_HOR INTEGER, 
P17_MIN INTEGER, 
P18 VARCHAR(8),
P18_HOR INTEGER, 
P18_MIN INTEGER, 
P19 INTEGER, 
P20 INTEGER, 
P21 INTEGER, 
P21_AUX INTEGER DEFAULT NULL,
P21_1 VARCHAR(100),
P21_2 VARCHAR(100),
P21_3 VARCHAR(100),
P22 INTEGER, 
P22_AUX INTEGER DEFAULT NULL,
P22_1 INTEGER, 
P22_2 INTEGER, 
P22_3 INTEGER, 
P22_4 INTEGER, 
P22_O VARCHAR(60),
P23_AUX INTEGER DEFAULT NULL,
P23_1 INTEGER, 
P23_2 INTEGER, 
P23_3 INTEGER, 
P23_4 INTEGER, 
P23_5 INTEGER, 
P23_6 INTEGER, 
P23_O VARCHAR(60),
P24 VARCHAR(5),
P24_HOR INTEGER, 
P24_MIN INTEGER, 
P25 VARCHAR(6),
P25_ENT INTEGER, 
P25_DEC VARCHAR(2),
usucre INTEGER DEFAULT NULL,
usuact INTEGER DEFAULT NULL,
created_at DATETIME DEFAULT CURRENT_TIMESTAMP, 
updated_at DATETIME DEFAULT NULL);

CREATE UNIQUE INDEX cuestionario_usuario ON consis_ccf_pag2(CUEST,usucre);


CREATE TABLE consis_ccf_pag3(
ID INTEGER PRIMARY KEY REFERENCES consis_ccf_pag1(ID),
CUEST INTEGER,
ACTIVO INTEGER NOT NULL DEFAULT '1',
V_01_1 INTEGER, 
V_01_2 INTEGER, 
V_02_1 INTEGER, 
V_02_2 INTEGER, 
V_03_1 INTEGER, 
V_03_2 INTEGER, 
V_03_3 INTEGER, 
V_03_4 INTEGER, 
V_03_5 INTEGER, 
V_04_1 INTEGER, 
V_04_2 INTEGER, 
V_05_1 INTEGER, 
V_05_2 INTEGER, 
V_05_3 INTEGER, 
V_06_1 INTEGER, 
V_06_2 INTEGER, 
V_06_3 INTEGER, 
V_06_4 INTEGER, 
V_06_5 INTEGER, 
V_06_6 INTEGER, 
V_07_1 INTEGER, 
V_07_2 INTEGER, 
V_07_3 INTEGER, 
V_08_1 INTEGER, 
V_08_2 INTEGER, 
V_08_3 INTEGER, 
V_09 INTEGER, 
usucre INTEGER DEFAULT NULL,
usuact INTEGER DEFAULT NULL,
created_at DATETIME DEFAULT CURRENT_TIMESTAMP, 
updated_at DATETIME DEFAULT NULL);

CREATE UNIQUE INDEX cuestionario_usuario ON consis_ccf_pag3(CUEST,usucre);


